,IDFC,,VOLTAS,SUZLON,RAYMOND,Date
0,63.7,,431.85,19.6,772.8,15-May-17
1,64.25,,432.45,19.7,785,16-May-17
2,63.35,,430.2,19.9,783.65,17-May-17
3,61.5,,414.1,20,746.95,18-May-17
4,61.15,,415.75,20.6,723.1,19-May-17
5,60.2,,415.65,20.4,715.95,22-May-17
6,58.25,,409.85,19.75,699.55,23-May-17
7,56.9,,446.5,18.85,662.25,24-May-17
8,57.6,,474.75,19.35,678.3,25-May-17
9,59.25,,498.5,19.8,721.15,26-May-17
10,58.35,,484.6,19.15,695.5,29-May-17
11,59.15,,485.6,19.15,695.45,30-May-17
12,59.05,,486.35,19.3,694.2,31-May-17
13,59.15,,508.85,19.5,693.9,01-Jun-17
14,59.4,,500.45,19.75,702.65,02-Jun-17
15,59,,494.95,19.85,751.25,05-Jun-17
16,58.7,,487,19.35,728.45,06-Jun-17
17,58.7,,483.25,19.35,729.05,07-Jun-17
18,57.65,,487.65,19.15,733.5,08-Jun-17
19,57.65,,492.35,19.2,732.1,09-Jun-17
20,56.4,,486.55,19,717.7,12-Jun-17
21,56.5,,491.55,18.95,730.85,13-Jun-17
22,56.5,,491.45,18.75,721.6,14-Jun-17
23,56.6,,494.4,18.95,729.9,15-Jun-17
24,57.05,,489.55,18.75,739.95,16-Jun-17
25,57.05,,474.15,18.55,731.7,19-Jun-17
26,57.95,,470.85,18.6,735.35,20-Jun-17
27,57.4,,468.3,18.7,743.4,21-Jun-17
28,57.7,,465.7,18.7,731,22-Jun-17
29,56.2,,454.3,18.4,712.3,23-Jun-17
30,54.95,,446.05,18.1,699.8,27-Jun-17
31,55.6,,449.85,17.65,714.3,28-Jun-17
32,55.15,,453.65,18.1,721.8,29-Jun-17
33,55.25,,457.25,18.75,724.7,30-Jun-17
34,54.2,,469,18.9,768.05,03-Jul-17
35,54.9,,463.35,18.65,765.25,04-Jul-17
36,60.45,,475.75,18.75,815.65,05-Jul-17
37,60.65,,470.75,18.7,819.65,06-Jul-17
38,59.95,,466.55,18.55,808.2,07-Jul-17
39,56.5,,467,18.85,815.55,10-Jul-17
40,56,,463.1,19.35,788.85,11-Jul-17
41,57.3,,473.6,19.1,802.65,12-Jul-17
42,56.5,,484.75,19.05,806.8,13-Jul-17
43,56.15,,482.85,18.9,792.25,14-Jul-17
44,56.1,,483.8,18.85,800.2,17-Jul-17
45,57.3,,485.55,18.3,794.3,18-Jul-17
46,59.4,,493.75,18.45,795.5,19-Jul-17
47,59.1,,490.9,18.5,807.55,20-Jul-17
48,58.3,,499.7,19.15,800.8,21-Jul-17
49,58.95,,502.3,18.95,808.85,24-Jul-17
50,58.65,,504.15,18.9,806.9,25-Jul-17
51,58.35,,499.05,19.1,803.8,26-Jul-17
52,57.6,,515.9,20,786.95,27-Jul-17
53,59.55,,510.8,19.2,786.25,28-Jul-17
54,58.75,,504.25,18.95,791.75,31-Jul-17
55,58.7,,533.65,18.9,789.3,01-Aug-17
56,58.2,,542.35,18.45,776.7,02-Aug-17
57,56.95,,538.3,17.75,763.6,03-Aug-17
58,57.55,,541.7,17.65,769.15,04-Aug-17
59,58.55,,536.85,17.3,776.95,07-Aug-17
60,56.9,,537.45,16.65,775.8,08-Aug-17
61,56.4,,527.6,16.3,781.15,09-Aug-17
62,54.65,,520.15,15.4,723.3,10-Aug-17
63,53.6,,517.2,15.25,718.15,11-Aug-17
64,54.7,,554.2,17.4,731.45,14-Aug-17
65,56.75,,542.5,17.5,738.55,16-Aug-17
66,56.45,,543.35,17.2,746,17-Aug-17
67,55.85,,537.7,16.95,774.35,18-Aug-17
68,54.3,,532.6,16.15,744.9,21-Aug-17
69,53.85,,524.9,16.05,731.35,22-Aug-17
70,54.85,,522,16.35,737,23-Aug-17
71,54.6,,521,16.3,733.75,24-Aug-17
72,55,,538.2,16.65,765.15,28-Aug-17
73,54.05,,520.05,16.25,756.2,29-Aug-17
74,54.6,,523.2,16.45,763.05,30-Aug-17
75,54.45,,524.75,16.3,777.15,31-Aug-17
76,57.9,,526.8,16.55,811.6,01-Sep-17
77,58.4,,519.35,16.15,859.2,04-Sep-17
78,59.2,,522.7,16.35,854.7,05-Sep-17
79,60.25,,526.25,16.3,857.4,06-Sep-17
80,60.2,,531.55,16.25,893.05,07-Sep-17
81,58.95,,537.25,16.15,884.9,08-Sep-17
82,58.95,,534.65,16.8,901.3,11-Sep-17
83,58.7,,562.5,16.95,907.65,12-Sep-17
84,58.75,,549.2,17.1,885.9,13-Sep-17
85,61.4,,545.35,17.1,894.4,14-Sep-17
86,62.1,,544.75,16.95,880.3,15-Sep-17
87,62.3,,552.05,16.9,885.75,18-Sep-17
88,62.1,,548.35,16.75,882.75,19-Sep-17
89,62.5,,549.15,16.75,870.05,20-Sep-17
90,61.55,,535.1,17,861.85,21-Sep-17
91,60.05,,515.25,16.3,825.35,22-Sep-17
92,59.85,,509.65,16.1,798.05,25-Sep-17
93,60.25,,518.7,16.15,814.35,26-Sep-17
94,58.35,,512.55,15.8,786.2,27-Sep-17
95,59.3,,501,15.4,810.7,28-Sep-17
96,59,,506.05,15.6,812.15,29-Sep-17
97,59,,522.95,15.6,805.8,03-Oct-17
98,59.25,,520.3,15.65,814.15,04-Oct-17
99,59.1,,518.9,15.2,836.7,05-Oct-17
100,59.7,,528.6,15.35,849.05,06-Oct-17
101,64.5,,520,15.2,851.35,09-Oct-17
102,64.1,,528.45,16.25,868.7,10-Oct-17
103,63.9,,522.5,15.5,840.75,11-Oct-17
104,66.55,,535.45,15.8,844.45,12-Oct-17
105,66.2,,532.5,15.55,848.25,13-Oct-17
106,65.45,,531.75,15.45,855.6,16-Oct-17
107,64.95,,539.15,15.5,861.15,17-Oct-17
108,63.3,,537.45,15.55,885.5,18-Oct-17
109,63.6,,533.35,15.4,892.55,19-Oct-17
110,63.75,,543.85,15.35,907.75,23-Oct-17
111,63.65,,537.95,15.55,902.15,24-Oct-17
112,63.4,,534.3,15.9,887.05,25-Oct-17
113,66.3,,534.15,15.85,873.65,26-Oct-17
114,63.2,,542.4,15.95,900.2,27-Oct-17
115,61.8,,559.8,16.55,899.25,30-Oct-17
116,62.95,,567.6,16.95,892.3,31-Oct-17
117,64.65,,561.8,16.75,963.8,01-Nov-17
118,63.8,,545.65,16.4,953.3,02-Nov-17
119,63.05,,548.95,16.5,973.55,03-Nov-17
120,62.3,,552.85,16.1,964.8,06-Nov-17
121,62.5,,547.85,15.55,969.15,07-Nov-17
122,60.75,,556.65,15.5,957.7,08-Nov-17
123,59.35,,563.75,15.5,960.45,09-Nov-17
124,60.6,,571.7,15.55,947.65,10-Nov-17
125,62.45,,576.6,14.65,928.15,13-Nov-17
126,62.6,,600,14.5,924.4,14-Nov-17
127,61.55,,583.85,13.65,918,15-Nov-17
128,60.3,,614.15,13.45,940.9,16-Nov-17
129,60.7,,611.5,13.7,950.8,17-Nov-17
130,61.1,,630.45,13.6,982.65,20-Nov-17
131,61.7,,629.05,13.85,969.7,21-Nov-17
132,61.05,,622.85,13.65,977.05,22-Nov-17
133,60.65,,624.8,13.6,972.8,23-Nov-17
134,60.8,,623.55,14.15,978.55,24-Nov-17
135,61,,649.1,15,993.65,27-Nov-17
136,63.4,,636.5,14.7,982.7,28-Nov-17
137,62.55,,643.4,14.5,979.35,29-Nov-17
138,61.95,,636.6,13.95,965.2,30-Nov-17
139,62.35,,616.4,13.8,942.75,01-Dec-17
140,60.9,,610.4,13.85,942.5,04-Dec-17
141,59.65,,620.95,13.6,942.45,05-Dec-17
142,59.7,,599.8,13.6,936.5,06-Dec-17
143,58.9,,617.6,13.75,938.15,07-Dec-17
144,59.35,,625.75,13.95,954.7,08-Dec-17
145,59.8,,625.7,13.85,958.55,11-Dec-17
146,59.75,,629.35,13.8,978,12-Dec-17
147,58.75,,619.6,13.6,972.4,13-Dec-17
148,57.8,,616.95,13.3,973.1,14-Dec-17
149,57.3,,631.55,13.5,976.8,15-Dec-17
150,57.95,,629.45,13.45,1020.3,18-Dec-17
151,58.3,,633.35,13.7,1027.5,19-Dec-17
152,58.5,,637.6,14.2,1022.65,20-Dec-17
153,58.5,,649.6,14.5,1035.25,21-Dec-17
154,60.15,,658.95,14.6,1030.7,22-Dec-17
155,60.95,,654.55,15,1053.05,26-Dec-17
156,60.45,,668.55,15.15,1036.65,27-Dec-17
157,61.85,,656.15,15.05,1047.3,28-Dec-17
158,62.8,,655.9,15.55,1057.45,29-Dec-17
159,62.9,,648.95,15.8,1051.2,01-Jan-18
160,63,,647.4,15.85,1045.8,02-Jan-18
161,61.6,,643.6,15.75,1055.9,03-Jan-18
162,61.7,,645.7,15.8,1097.3,04-Jan-18
163,61.7,,646.35,15.55,1109.5,05-Jan-18
164,64.45,,638.65,15.65,1088.7,08-Jan-18
165,66.65,,648.6,16.4,1127.45,09-Jan-18
166,65.2,,629.3,16.4,1114,10-Jan-18
167,63.95,,625.85,16.45,1113.9,11-Jan-18
168,65.55,,633.95,16.2,1124.5,12-Jan-18
169,65.65,,632.45,16.05,1128.9,15-Jan-18
170,63.95,,623.05,15.25,1092.85,16-Jan-18
171,59.9,,628.25,15.35,1108.9,17-Jan-18
172,61.7,,600.45,14.85,1062,18-Jan-18
173,58.9,,618.2,15.1,1081.9,19-Jan-18
174,58,,624.95,15,1102.45,22-Jan-18
175,58.55,,625.55,15,1123.8,23-Jan-18
176,58.2,,611.1,14.85,1124.35,24-Jan-18
177,58.05,,615.1,14.6,1074.75,25-Jan-18
178,56.6,,615.45,14.65,1109.55,29-Jan-18
179,55.45,,609,14.55,1078.95,30-Jan-18
180,56.8,,605,14.6,1049.7,31-Jan-18
181,56.35,,607.05,14.6,1017.7,01-Feb-18
182,55.65,,572.55,13.6,933.3,02-Feb-18
183,52.45,,596.1,13.3,931.9,05-Feb-18
184,53.25,,586.1,12.8,885.9,06-Feb-18
185,51.7,,599.75,13.05,919.15,07-Feb-18
186,52.2,,600.2,13.25,966.25,08-Feb-18
187,53.8,,593.7,13.5,966.15,09-Feb-18
188,53.25,,592.5,13.5,979.1,12-Feb-18
189,53.75,,601.75,13.35,974.35,14-Feb-18
190,53.3,,583.75,13.2,962.65,15-Feb-18
191,52,,584.65,13.15,929.95,16-Feb-18
192,51.75,,575.25,13,940,19-Feb-18
193,52.45,,557.7,13.05,955.2,20-Feb-18
194,52.5,,582.5,12.9,943.9,21-Feb-18
195,52.5,,581.05,12.55,922,22-Feb-18
196,51.6,,588.9,13,950.95,23-Feb-18
197,53,,613.65,13,957.65,26-Feb-18
198,53.4,,607.2,12.95,946.6,27-Feb-18
199,52.45,,609.4,12.8,954.45,28-Feb-18
200,52.95,,619,12.75,936.9,01-Mar-18
201,52.6,,624.7,12.6,920.3,05-Mar-18
202,51.25,,622.85,12.2,909.25,06-Mar-18
203,50.1,,626.6,11.45,891.7,07-Mar-18
204,48.75,,630.95,11.5,906.55,08-Mar-18
205,48.75,,629.4,11,901.75,09-Mar-18
206,49.05,,638.85,11.35,923.45,12-Mar-18
207,50.15,,639.75,11.55,926.4,13-Mar-18
208,51.3,,640.85,11.45,944.7,14-Mar-18
209,51.15,,640.35,11.65,942.1,15-Mar-18
210,51.25,,627.2,11.7,926.15,16-Mar-18
211,51.15,,620.9,11.25,904.65,19-Mar-18
212,49.75,,620.7,11.3,913.8,20-Mar-18
213,49.95,,613.35,11.3,933.4,21-Mar-18
214,49.9,,614.55,11.2,928,22-Mar-18
215,51,,604.25,10.85,891.65,23-Mar-18
216,49.3,,613.9,11.05,920.35,26-Mar-18
217,49.05,,623.2,11.3,920.4,27-Mar-18
218,49.65,,620.9,10.7,897.75,28-Mar-18
219,48.75,,638.5,11.1,926.05,02-Apr-18
220,50.2,,647.85,11.75,930.25,03-Apr-18
221,51.85,,618,11.5,934.7,04-Apr-18
222,50.75,,631.2,11.65,962,05-Apr-18
223,52.4,,631.75,12,990.85,06-Apr-18
224,52.7,,634.6,12.1,1035.8,09-Apr-18
225,52.75,,633.55,12.2,1037.35,10-Apr-18
226,52.55,,632.45,12.15,1042.65,11-Apr-18
227,52.75,,638.8,12,1050.45,12-Apr-18
228,52.45,,638.1,11.85,1065.2,13-Apr-18
229,52.4,,647.1,11.7,1071.45,16-Apr-18
230,52.5,,637.45,11.75,1051.75,17-Apr-18
231,52.45,,643,11.9,1042.25,18-Apr-18
232,53.2,,640.4,11.7,1053.35,19-Apr-18
233,53.75,,635.9,11.5,1047,20-Apr-18
234,53.9,,654.6,11.4,1044.25,23-Apr-18
235,53.5,,638.8,11.25,1065.5,24-Apr-18
236,53.1,,637.65,11,1132.4,25-Apr-18
237,52.45,,629.85,10.65,1110.75,26-Apr-18
238,55.4,,635.7,10.8,1102.5,27-Apr-18
239,57,,642.5,10.9,1112.05,30-Apr-18
240,58.7,,628.1,10.85,1119.1,02-May-18
241,57.45,,615.1,10.55,1107.05,03-May-18
242,56.75,,614.65,10.55,1109,04-May-18
243,56.5,,627.55,10.55,1131.1,07-May-18
244,55.95,,620.2,10.15,1116.6,08-May-18
245,56.2,,614.8,10.25,1117.65,09-May-18
246,55.05,,601.95,10,1086.5,10-May-18
247,53.55,,618,9.75,1099.7,11-May-18
248,54.7,,596.15,8.8,1071.75,14-May-18
249,53.7,,597.75,8.8,1061.9,15-May-18
250,52.8,,591.35,9.05,1069,16-May-18
251,51.95,,583.2,9.3,1067.55,17-May-18
252,51.75,,551.75,8.85,1045.25,18-May-18
253,51.35,,543.65,8.7,1007.65,21-May-18
254,49.8,,550.8,8.85,1013.95,22-May-18
255,51,,544.8,8.95,998.45,23-May-18
256,50,,531.45,9.1,993.95,24-May-18
257,49.6,,537.65,9.1,1028.95,25-May-18
258,51.2,,557.5,9.65,1054.05,28-May-18
259,52.4,,543.5,9.5,1010.05,29-May-18
260,51.65,,548.4,9.4,1007.75,30-May-18
261,51.1,,539.95,8.75,981.4,31-May-18
262,50.65,,532.9,8.4,975.25,01-Jun-18
263,49.35,,532.8,8,951.15,04-Jun-18
264,47.85,,518.2,7.85,951.8,05-Jun-18
265,46.25,,530.4,7.9,978.1,06-Jun-18
266,48.3,,522.95,8.2,978.25,07-Jun-18
267,49.5,,529.8,8.4,985.35,08-Jun-18
268,50,,524.7,8.5,985.4,11-Jun-18
269,50.65,,533.25,8.25,989.5,12-Jun-18
270,50.75,,524.7,8.15,987.6,13-Jun-18
271,50.65,,526.15,8.15,997.8,14-Jun-18
272,50.8,,519.65,7.95,985.75,15-Jun-18
273,50.1,,521.1,7.9,986.9,18-Jun-18
274,49.55,,516.35,7.75,961.55,19-Jun-18
275,48.6,,523.2,7.75,968.65,20-Jun-18
276,49.05,,517.1,7.65,953.7,21-Jun-18
277,48.95,,517.35,7.7,961.05,22-Jun-18
278,48.4,,515.1,7.85,956.3,25-Jun-18
279,48.3,,529.25,7.7,954.85,26-Jun-18
280,47.95,,535.25,7.5,909.45,27-Jun-18
281,45.95,,511.5,7.4,892.55,28-Jun-18
282,46.5,,523.8,7.5,916.9,29-Jun-18
283,46.2,,514.95,7.35,893.2,02-Jul-18
284,45.8,,525.95,7.5,890.7,03-Jul-18
285,46.4,,525.4,7.55,893.55,04-Jul-18
286,45.6,,517.05,7.35,883.25,05-Jul-18
287,44.15,,520.65,7.5,893.45,06-Jul-18
288,44.7,,534.65,7.5,900.15,09-Jul-18
289,45.7,,534.15,7.6,923.65,10-Jul-18
290,46.6,,539.25,7.5,900.7,11-Jul-18
291,45.65,,546.3,7.5,899.55,12-Jul-18
292,46,,534.75,7.4,885.6,13-Jul-18
293,45.05,,529.1,7.05,827.95,16-Jul-18
294,43.1,,545.5,7.2,838.5,17-Jul-18
295,45.6,,536.95,7,816.95,18-Jul-18
296,44.35,,535.9,7,820.7,19-Jul-18
297,44.75,,552.95,7.1,800.3,20-Jul-18
298,44.2,,573.75,7.45,817.3,23-Jul-18
299,43.95,,585.2,8.4,836.5,24-Jul-18
300,45.5,,570.5,8.05,847.25,25-Jul-18
301,45.35,,568.75,7.8,838,26-Jul-18
302,45.3,,574.2,7.7,852.95,27-Jul-18
303,47.8,,568,8,850.15,30-Jul-18
304,48.45,,567.95,7.8,836.05,31-Jul-18
305,46.75,,569.45,7.7,801.5,01-Aug-18
306,46.4,,573.05,7.95,793.05,02-Aug-18
307,46.8,,574.65,7.9,802.55,03-Aug-18
308,46.95,,577.9,7.3,812.5,06-Aug-18
309,50.1,,575.75,7.15,797.15,07-Aug-18
310,49.05,,592,7.1,778.8,08-Aug-18
311,48.85,,593.15,7.45,790.25,09-Aug-18
312,49.4,,621.05,7.35,788.45,10-Aug-18
313,49.9,,620.85,7.15,784.25,13-Aug-18
314,49.4,,613.75,7.15,764.7,14-Aug-18
315,49.9,,607.85,7.2,771.4,16-Aug-18
316,49.9,,616.3,7.25,795.6,17-Aug-18
317,52.1,,620.7,7.2,779.6,20-Aug-18
318,52.5,,612.6,7.25,783.85,21-Aug-18
319,52.8,,608.5,7.15,801.85,23-Aug-18
320,51.75,,612.5,7.15,806,24-Aug-18
321,51.45,,623.55,7.1,820.15,27-Aug-18
322,51.25,,629.55,7.15,824.4,28-Aug-18
323,51.25,,627.35,7.2,826.9,29-Aug-18
324,52.75,,623.7,7.05,846.65,30-Aug-18
325,52.85,,614.8,7.15,843.25,31-Aug-18
326,52.65,,601.7,7.15,839.25,03-Sep-18
327,52.2,,600.7,6.9,805.75,04-Sep-18
328,50,,588.5,6.9,788.15,05-Sep-18
329,49.9,,596.25,6.9,795.85,06-Sep-18
330,49.95,,599.35,7.05,807.9,07-Sep-18
331,50.55,,583.3,7.1,788.6,10-Sep-18
332,49.9,,575.6,6.95,779.1,11-Sep-18
333,49.2,,586,7,783.4,12-Sep-18
334,49.65,,617.25,7,794.35,14-Sep-18
335,50.9,,598.65,7.65,798.8,17-Sep-18
336,49.95,,578.65,7.3,785.55,18-Sep-18
337,49.05,,567.85,7.15,774.95,19-Sep-18
338,48,,562.85,6.75,752.45,21-Sep-18
339,44.5,,568,6.5,727.3,24-Sep-18
340,43,,577.25,6.2,721.25,25-Sep-18
341,41.85,,571.55,6.2,727.55,26-Sep-18
342,42.4,,536.15,5.95,701.65,27-Sep-18
343,40.2,,532.2,5.45,663.4,28-Sep-18
344,39.75,,536.4,5.65,668.6,01-Oct-18
345,40.75,,529.7,5.9,667.1,03-Oct-18
346,40.65,,515.5,5.7,660,04-Oct-18
347,39.95,,506.45,5.5,656.35,05-Oct-18
348,38.45,,479.15,5.5,632.9,08-Oct-18
349,37.15,,484.65,5.35,600.45,09-Oct-18
350,36.7,,515.55,5.75,651.7,10-Oct-18
351,39.2,,498.3,5.55,632,11-Oct-18
352,37.3,,510.4,5.8,662.9,12-Oct-18
353,38.75,,500.15,6.2,672.9,15-Oct-18
354,38.8,,508.65,6.45,673.35,16-Oct-18
355,39.3,,500.65,6.05,639.75,17-Oct-18
356,37.65,,507.15,5.9,640.15,19-Oct-18
357,37.2,,500.85,5.9,627.55,22-Oct-18
358,36.95,,509.85,6.15,617.95,23-Oct-18
359,35.95,,524.75,6.1,643.1,24-Oct-18
360,36.2,,526.7,6.05,618.3,25-Oct-18
361,35.3,,506.95,6.05,692.2,26-Oct-18
362,35.35,,522.1,6.3,745.35,29-Oct-18
363,35.95,,519.5,6.25,745.65,30-Oct-18
364,36.05,,540.25,6.25,752.55,31-Oct-18
365,36.8,,532.6,6.25,764.6,01-Nov-18
366,36.75,,548.5,6.3,758.65,02-Nov-18
367,38,,540.2,6.3,758.05,05-Nov-18
368,38.2,,523.35,6.1,750.8,06-Nov-18
369,37.65,,513.9,6.2,755.15,07-Nov-18
370,37.75,,538.9,6.2,766.05,09-Nov-18
371,39.15,,535.45,6.05,765.85,12-Nov-18
372,38.3,,543.8,6,772.3,13-Nov-18
373,37.9,,542.35,5.8,765.05,14-Nov-18
374,38.5,,553,5.7,765.3,15-Nov-18
375,38.9,,552.55,5.65,774.45,16-Nov-18
376,39.15,,561.65,5.4,782.1,19-Nov-18
377,39.15,,547,5.4,789.1,20-Nov-18
378,38.2,,560.3,5.55,804.5,21-Nov-18
379,38.8,,549.35,5.55,814.85,22-Nov-18
380,40.05,,559.3,5.4,808.15,26-Nov-18
381,40.5,,545.35,5.6,816.35,27-Nov-18
382,41.25,,536.45,5.45,816.45,28-Nov-18
383,41.35,,552.75,5.1,826.2,29-Nov-18
384,40.5,,553.95,5.15,809.5,30-Nov-18
385,40.95,,556.7,5.55,803.45,03-Dec-18
386,40.9,,552.85,5.45,812.65,04-Dec-18
387,41.05,,551.65,5.25,799.2,05-Dec-18
388,38.8,,537.2,5.2,773,06-Dec-18
389,37.85,,543.75,5.15,790.2,07-Dec-18
390,37.8,,534.65,5.1,763.9,10-Dec-18
391,37.05,,552.75,5.3,789.8,11-Dec-18
392,37.25,,569.05,5.3,813.5,12-Dec-18
393,38.75,,568.7,5.25,864.25,13-Dec-18
394,40.1,,578.75,5.3,849.65,14-Dec-18
395,39.65,,567.65,5.3,857.15,17-Dec-18
396,39.95,,561.35,5.35,852.3,18-Dec-18
397,41.15,,573.2,5.45,853.4,19-Dec-18
398,41.9,,576.85,5.5,858.15,20-Dec-18
399,44,,569.95,5.5,859.5,21-Dec-18
400,42.9,,555.2,5.5,834.7,24-Dec-18
401,43.2,,549.6,5.45,833.65,26-Dec-18
402,43.45,,551.15,5.45,827.7,27-Dec-18
403,42.85,,551.3,5.45,837.05,28-Dec-18
404,43.4,,553.5,5.4,844.75,31-Dec-18
405,43.6,,555.45,5.45,842.95,01-Jan-19
406,43.45,,537.85,5.35,817.3,02-Jan-19
407,42.15,,536.35,5.3,811.55,03-Jan-19
408,42.3,,536.15,5.45,822.3,04-Jan-19
409,43.45,,541.75,5.35,813.9,07-Jan-19
410,44.45,,539.6,5.35,814.9,08-Jan-19
411,43.95,,535.15,5.35,804.8,09-Jan-19
412,43.2,,539.35,5.45,809.2,10-Jan-19
413,42.95,,542.2,5.35,816.1,11-Jan-19
414,42,,540.7,5.3,814.85,14-Jan-19
415,42.75,,531.05,5.3,815.2,15-Jan-19
416,42.95,,533.3,5.3,815.85,16-Jan-19
417,43.75,,534.65,5.3,809.45,17-Jan-19
418,43.6,,535.15,5.25,806.95,18-Jan-19
419,43.15,,536.55,5.25,805.95,21-Jan-19
420,42.05,,540.15,5.2,812.85,22-Jan-19
421,42.4,,532.75,5.15,813.9,23-Jan-19
422,42.5,,538.7,5.15,796.15,24-Jan-19
423,42.45,,532.45,5.05,774.4,25-Jan-19
424,40.8,,534.1,4.95,746.65,28-Jan-19
425,39.95,,541.35,4.95,763.35,29-Jan-19
426,39.1,,541.6,5,764,30-Jan-19
427,38.7,,541.1,4.7,754.35,31-Jan-19
428,39.6,,553.65,4.9,742.65,01-Feb-19
429,38.6,,544,4.75,743.05,04-Feb-19
430,36.9,,533.55,3.6,728.5,05-Feb-19
431,36.75,,528.65,3.85,711.1,06-Feb-19
432,36.95,,538.1,3.95,653.7,07-Feb-19
433,38.2,,531.6,3.7,687.55,08-Feb-19
434,37.55,,524.45,3.45,687.75,11-Feb-19
435,37.35,,522.3,3.45,695.1,12-Feb-19
436,35.7,,507.5,3.35,698.4,13-Feb-19
437,35.2,,514.95,3.5,704.55,14-Feb-19
438,35.45,,522,3.45,686.35,15-Feb-19
439,35.2,,522.2,3.45,686.75,18-Feb-19
440,35.1,,524.1,3.55,683.6,19-Feb-19
441,35.05,,529.8,3.7,688.5,20-Feb-19
442,35.65,,533.1,4.45,698.65,21-Feb-19
443,36.1,,531.25,5.75,728.15,22-Feb-19
444,37.15,,530.1,5.65,755.2,25-Feb-19
445,37.4,,537.45,5.35,756.8,26-Feb-19
446,37.05,,542.95,5.5,765.35,27-Feb-19
447,37.35,,566.55,5.75,767.75,28-Feb-19
448,36.55,,574.95,5.95,786.2,01-Mar-19
449,40.15,,597.3,7.45,790.9,05-Mar-19
450,41.55,,598.3,7.9,817.45,06-Mar-19
451,40.85,,593.75,6.9,815.15,07-Mar-19
452,40,,593.7,7.3,808.15,08-Mar-19
453,39.2,,625.1,7.4,819.8,11-Mar-19
454,41.35,,622.35,7.2,815.35,12-Mar-19
455,42.05,,618.8,6.8,809.4,13-Mar-19
456,41.35,,602.5,7.05,815.7,14-Mar-19
457,41.95,,600,6.8,816.15,15-Mar-19
458,44.3,,604.25,7.1,818.5,18-Mar-19
459,43.55,,612.35,7,821.3,19-Mar-19
460,44.8,,614.1,6.9,818,20-Mar-19
461,44.5,,614.9,6.7,809.9,22-Mar-19
462,43.7,,602.95,6.45,790.1,25-Mar-19
463,42.95,,612.9,6.65,802.35,26-Mar-19
464,44.75,,623.8,6.65,798.95,27-Mar-19
465,46.25,,626.3,6.5,795,28-Mar-19
466,46.9,,629.45,6.15,811.5,29-Mar-19
467,46.55,,624.15,6.2,826.1,01-Apr-19
468,46.6,,622.1,6.8,816.7,02-Apr-19
469,46.15,,616.7,6.5,809.2,03-Apr-19
470,45.5,,605.1,6.7,801.2,04-Apr-19
471,46.3,,609.4,6.7,806.45,05-Apr-19
472,46.55,,612.15,6.65,796.9,08-Apr-19
473,46.3,,609.25,6.7,781.45,09-Apr-19
474,46.85,,610.2,6.7,777.85,10-Apr-19
475,46.7,,617.05,6.7,777.4,11-Apr-19
476,45.95,,620.45,7.2,784.15,12-Apr-19
477,46.85,,621.75,7.35,796.7,15-Apr-19
478,46.7,,623.85,7.35,795.15,16-Apr-19
479,46.3,,614.85,7.1,781.25,18-Apr-19
480,45.45,,611.9,6.8,755.4,22-Apr-19
481,43.3,,622.25,7.2,754.95,23-Apr-19
482,41.9,,616.9,7.25,759.05,24-Apr-19
483,42.4,,615.65,7.15,756.7,25-Apr-19
484,43.25,,609,7.2,757.05,26-Apr-19
485,41.6,,602.7,6.85,771.65,30-Apr-19
486,40.15,,600.9,6.75,741.25,02-May-19
487,39.1,,603.5,6.75,760.3,03-May-19
488,39.05,,606.05,6.6,806.05,06-May-19
489,37.75,,601.45,6.35,808.95,07-May-19
490,37.1,,576.65,5.95,807.1,08-May-19
491,37.6,,574.1,5.65,805.3,09-May-19
492,37.6,,580.05,6.4,804.4,10-May-19
493,38.1,,572.2,5.6,779.35,13-May-19
494,34.75,,,,,
495,,,,,,
496,,,,,,
497,,,,,,
498,,,,,,
499,,,,,,
500,,,,,,
501,,,,,,
502,,,,,,
503,,,,,,
504,,,,,,
505,,,,,,
506,,,,,,
507,,,,,,
508,,,,,,
509,,,,,,
510,,,,,,
511,,,,,,
512,,,,,,
513,,,,,,
514,,,,,,
515,,,,,,
516,,,,,,
517,,,,,,
518,,,,,,
519,,,,,,
520,,,,,,
521,,,,,,
522,,,,,,
523,,,,,,
524,,,,,,
525,,,,,,
526,,,,,,
527,,,,,,
528,,,,,,
529,,,,,,
530,,,,,,
531,,,,,,
532,,,,,,
533,,,,,,
534,,,,,,
535,,,,,,
536,,,,,,
537,,,,,,
538,,,,,,
539,,,,,,
540,,,,,,
541,,,,,,
542,,,,,,
543,,,,,,
544,,,,,,
545,,,,,,
546,,,,,,
547,,,,,,
548,,,,,,
549,,,,,,
550,,,,,,
551,,,,,,
552,,,,,,
553,,,,,,
554,,,,,,
555,,,,,,
556,,,,,,
557,,,,,,
558,,,,,,
559,,,,,,
560,,,,,,
561,,,,,,
562,,,,,,
563,,,,,,
564,,,,,,
565,,,,,,
566,,,,,,
567,,,,,,
568,,,,,,
569,,,,,,
570,,,,,,
571,,,,,,
572,,,,,,
573,,,,,,
574,,,,,,
575,,,,,,
576,,,,,,
577,,,,,,
578,,,,,,
579,,,,,,
580,,,,,,
581,,,,,,
582,,,,,,
583,,,,,,
584,,,,,,
585,,,,,,
586,,,,,,
587,,,,,,
588,,,,,,
589,,,,,,
590,,,,,,
591,,,,,,
592,,,,,,
593,,,,,,
594,,,,,,
595,,,,,,
596,,,,,,
597,,,,,,
598,,,,,,
599,,,,,,
600,,,,,,
601,,,,,,
602,,,,,,
603,,,,,,
604,,,,,,
605,,,,,,
606,,,,,,
607,,,,,,
608,,,,,,
609,,,,,,
610,,,,,,
611,,,,,,
612,,,,,,
613,,,,,,
614,,,,,,
615,,,,,,
616,,,,,,
617,,,,,,
618,,,,,,
619,,,,,,
620,,,,,,
621,,,,,,
622,,,,,,
623,,,,,,
624,,,,,,
625,,,,,,
626,,,,,,
627,,,,,,
628,,,,,,
629,,,,,,
630,,,,,,
631,,,,,,
632,,,,,,
633,,,,,,
634,,,,,,
635,,,,,,
636,,,,,,
637,,,,,,
638,,,,,,
639,,,,,,
640,,,,,,
641,,,,,,
642,,,,,,
643,,,,,,
644,,,,,,
645,,,,,,
646,,,,,,
647,,,,,,
648,,,,,,
649,,,,,,
650,,,,,,
651,,,,,,
652,,,,,,
653,,,,,,
654,,,,,,
655,,,,,,
656,,,,,,
657,,,,,,
658,,,,,,
659,,,,,,
660,,,,,,
661,,,,,,
662,,,,,,
663,,,,,,
664,,,,,,
665,,,,,,
666,,,,,,
667,,,,,,
668,,,,,,
669,,,,,,
670,,,,,,
671,,,,,,
672,,,,,,
673,,,,,,
674,,,,,,
675,,,,,,
676,,,,,,
677,,,,,,
678,,,,,,
679,,,,,,
680,,,,,,
681,,,,,,
682,,,,,,
683,,,,,,
684,,,,,,
685,,,,,,
686,,,,,,
687,,,,,,
688,,,,,,
689,,,,,,
690,,,,,,
691,,,,,,
692,,,,,,
693,,,,,,
694,,,,,,
695,,,,,,
696,,,,,,
697,,,,,,
698,,,,,,
699,,,,,,
700,,,,,,
701,,,,,,
702,,,,,,
703,,,,,,
704,,,,,,
705,,,,,,
706,,,,,,
707,,,,,,
708,,,,,,
709,,,,,,
710,,,,,,
711,,,,,,
712,,,,,,
713,,,,,,
714,,,,,,
715,,,,,,
716,,,,,,
717,,,,,,
718,,,,,,
719,,,,,,
720,,,,,,
721,,,,,,
722,,,,,,
723,,,,,,
724,,,,,,
725,,,,,,
726,,,,,,
727,,,,,,
728,,,,,,
729,,,,,,
730,,,,,,
731,,,,,,
732,,,,,,
733,,,,,,
734,,,,,,
735,,,,,,
736,,,,,,
737,,,,,,
738,,,,,,
739,,,,,,
740,,,,,,
741,,,,,,
742,,,,,,
743,,,,,,
744,,,,,,
745,,,,,,
746,,,,,,
747,,,,,,
748,,,,,,
749,,,,,,
750,,,,,,
751,,,,,,
752,,,,,,
753,,,,,,
754,,,,,,
755,,,,,,
756,,,,,,
757,,,,,,
758,,,,,,
759,,,,,,
760,,,,,,
761,,,,,,
762,,,,,,
763,,,,,,
764,,,,,,
765,,,,,,
766,,,,,,
767,,,,,,
768,,,,,,
769,,,,,,
770,,,,,,
771,,,,,,
772,,,,,,
773,,,,,,
774,,,,,,
775,,,,,,
776,,,,,,
777,,,,,,
778,,,,,,
779,,,,,,
780,,,,,,
781,,,,,,
782,,,,,,
783,,,,,,
784,,,,,,
785,,,,,,
786,,,,,,
787,,,,,,
788,,,,,,
789,,,,,,
790,,,,,,
791,,,,,,
792,,,,,,
793,,,,,,
794,,,,,,
795,,,,,,
796,,,,,,
797,,,,,,
798,,,,,,
799,,,,,,
800,,,,,,
801,,,,,,
802,,,,,,
803,,,,,,
804,,,,,,
805,,,,,,
806,,,,,,
807,,,,,,
808,,,,,,
809,,,,,,
810,,,,,,
811,,,,,,
812,,,,,,
813,,,,,,
814,,,,,,
815,,,,,,
816,,,,,,
817,,,,,,
818,,,,,,
819,,,,,,
820,,,,,,
821,,,,,,
822,,,,,,
823,,,,,,
824,,,,,,
825,,,,,,
826,,,,,,
827,,,,,,
828,,,,,,
829,,,,,,
830,,,,,,
831,,,,,,
832,,,,,,
833,,,,,,
834,,,,,,
835,,,,,,
836,,,,,,
837,,,,,,
838,,,,,,
839,,,,,,
840,,,,,,
841,,,,,,
842,,,,,,
843,,,,,,
844,,,,,,
845,,,,,,
846,,,,,,
847,,,,,,
848,,,,,,
849,,,,,,
850,,,,,,
851,,,,,,
852,,,,,,
853,,,,,,
854,,,,,,
855,,,,,,
856,,,,,,
857,,,,,,
858,,,,,,
859,,,,,,
860,,,,,,
861,,,,,,
862,,,,,,
863,,,,,,
864,,,,,,
865,,,,,,
866,,,,,,
867,,,,,,
868,,,,,,
869,,,,,,
870,,,,,,
871,,,,,,
872,,,,,,
873,,,,,,
874,,,,,,
875,,,,,,
876,,,,,,
877,,,,,,
878,,,,,,
879,,,,,,
880,,,,,,
881,,,,,,
882,,,,,,
883,,,,,,
884,,,,,,
885,,,,,,
886,,,,,,
887,,,,,,
888,,,,,,
889,,,,,,
890,,,,,,
891,,,,,,
892,,,,,,
893,,,,,,
894,,,,,,
895,,,,,,
896,,,,,,
897,,,,,,
898,,,,,,
899,,,,,,
900,,,,,,
901,,,,,,
902,,,,,,
903,,,,,,
904,,,,,,
905,,,,,,
906,,,,,,
907,,,,,,
908,,,,,,
909,,,,,,
910,,,,,,
911,,,,,,
912,,,,,,
913,,,,,,
914,,,,,,
915,,,,,,
916,,,,,,
917,,,,,,
918,,,,,,
919,,,,,,
920,,,,,,
921,,,,,,
922,,,,,,
923,,,,,,
924,,,,,,
925,,,,,,
926,,,,,,
927,,,,,,
928,,,,,,
929,,,,,,
930,,,,,,
931,,,,,,
932,,,,,,
933,,,,,,
934,,,,,,
935,,,,,,
936,,,,,,
937,,,,,,
938,,,,,,
939,,,,,,
940,,,,,,
941,,,,,,
942,,,,,,
943,,,,,,
944,,,,,,
945,,,,,,
946,,,,,,
947,,,,,,
948,,,,,,
949,,,,,,
950,,,,,,
951,,,,,,
952,,,,,,
953,,,,,,
954,,,,,,
955,,,,,,
956,,,,,,
957,,,,,,
958,,,,,,
959,,,,,,
960,,,,,,
961,,,,,,
962,,,,,,
963,,,,,,
964,,,,,,
965,,,,,,
966,,,,,,
967,,,,,,
968,,,,,,
969,,,,,,
970,,,,,,
971,,,,,,
972,,,,,,
973,,,,,,
974,,,,,,
975,,,,,,
976,,,,,,
977,,,,,,
978,,,,,,
979,,,,,,
980,,,,,,
981,,,,,,
982,,,,,,
983,,,,,,
984,,,,,,
985,,,,,,
986,,,,,,
987,,,,,,
988,,,,,,
989,,,,,,
990,,,,,,
991,,,,,,
992,,,,,,
993,,,,,,
994,,,,,,
995,,,,,,
996,,,,,,
997,,,,,,
998,,,,,,
999,,,,,,
1000,,,,,,
1001,,,,,,
1002,,,,,,
1003,,,,,,
1004,,,,,,
1005,,,,,,
1006,,,,,,
1007,,,,,,
1008,,,,,,
1009,,,,,,
1010,,,,,,
1011,,,,,,
1012,,,,,,
1013,,,,,,
1014,,,,,,
1015,,,,,,
1016,,,,,,
1017,,,,,,
1018,,,,,,
1019,,,,,,
1020,,,,,,
1021,,,,,,
1022,,,,,,
1023,,,,,,
1024,,,,,,
1025,,,,,,
1026,,,,,,
1027,,,,,,
1028,,,,,,
1029,,,,,,
1030,,,,,,
1031,,,,,,
1032,,,,,,
1033,,,,,,
1034,,,,,,
1035,,,,,,
1036,,,,,,
1037,,,,,,
1038,,,,,,
1039,,,,,,
1040,,,,,,
1041,,,,,,
1042,,,,,,
1043,,,,,,
1044,,,,,,
1045,,,,,,
1046,,,,,,
1047,,,,,,
1048,,,,,,
1049,,,,,,
1050,,,,,,
1051,,,,,,
1052,,,,,,
1053,,,,,,
1054,,,,,,
1055,,,,,,
1056,,,,,,
1057,,,,,,
1058,,,,,,
1059,,,,,,
1060,,,,,,
1061,,,,,,
1062,,,,,,
1063,,,,,,
1064,,,,,,
1065,,,,,,
1066,,,,,,
1067,,,,,,
1068,,,,,,
1069,,,,,,
1070,,,,,,
1071,,,,,,
1072,,,,,,
1073,,,,,,
1074,,,,,,
1075,,,,,,
1076,,,,,,
1077,,,,,,
1078,,,,,,
1079,,,,,,
1080,,,,,,
1081,,,,,,
1082,,,,,,
1083,,,,,,
1084,,,,,,
1085,,,,,,
1086,,,,,,
1087,,,,,,
1088,,,,,,
1089,,,,,,
1090,,,,,,
1091,,,,,,
1092,,,,,,
1093,,,,,,
1094,,,,,,
1095,,,,,,
1096,,,,,,
1097,,,,,,
1098,,,,,,
1099,,,,,,
1100,,,,,,
1101,,,,,,
1102,,,,,,
1103,,,,,,
1104,,,,,,
1105,,,,,,
1106,,,,,,
1107,,,,,,
1108,,,,,,
1109,,,,,,
1110,,,,,,
1111,,,,,,
1112,,,,,,
1113,,,,,,
1114,,,,,,
1115,,,,,,
1116,,,,,,
1117,,,,,,
1118,,,,,,
1119,,,,,,
1120,,,,,,
1121,,,,,,
1122,,,,,,
1123,,,,,,
1124,,,,,,
1125,,,,,,
1126,,,,,,
1127,,,,,,
1128,,,,,,
1129,,,,,,
1130,,,,,,
1131,,,,,,
1132,,,,,,
1133,,,,,,
1134,,,,,,
1135,,,,,,
1136,,,,,,
1137,,,,,,
1138,,,,,,
1139,,,,,,
1140,,,,,,
1141,,,,,,
1142,,,,,,
1143,,,,,,
1144,,,,,,
1145,,,,,,
1146,,,,,,
1147,,,,,,
1148,,,,,,
1149,,,,,,
1150,,,,,,
1151,,,,,,
1152,,,,,,
1153,,,,,,
1154,,,,,,
1155,,,,,,
1156,,,,,,
1157,,,,,,
1158,,,,,,
1159,,,,,,
1160,,,,,,
1161,,,,,,
1162,,,,,,
1163,,,,,,
1164,,,,,,
1165,,,,,,
1166,,,,,,
1167,,,,,,
1168,,,,,,
1169,,,,,,
1170,,,,,,
1171,,,,,,
1172,,,,,,
1173,,,,,,
1174,,,,,,
1175,,,,,,
1176,,,,,,
1177,,,,,,
1178,,,,,,
1179,,,,,,
1180,,,,,,
1181,,,,,,
1182,,,,,,
1183,,,,,,
1184,,,,,,
1185,,,,,,
1186,,,,,,
1187,,,,,,
1188,,,,,,
1189,,,,,,
1190,,,,,,
1191,,,,,,
1192,,,,,,
1193,,,,,,
1194,,,,,,
1195,,,,,,
1196,,,,,,
1197,,,,,,
1198,,,,,,
1199,,,,,,
1200,,,,,,
1201,,,,,,
1202,,,,,,
1203,,,,,,
1204,,,,,,
1205,,,,,,
1206,,,,,,
1207,,,,,,
1208,,,,,,
1209,,,,,,
1210,,,,,,
1211,,,,,,
1212,,,,,,
1213,,,,,,
1214,,,,,,
1215,,,,,,
1216,,,,,,
1217,,,,,,
1218,,,,,,
1219,,,,,,
1220,,,,,,
1221,,,,,,
1222,,,,,,
1223,,,,,,
1224,,,,,,
1225,,,,,,
1226,,,,,,
1227,,,,,,
1228,,,,,,
1229,,,,,,
1230,,,,,,
1231,,,,,,
1232,,,,,,
1233,,,,,,
1234,,,,,,
1235,,,,,,
1236,,,,,,
1237,,,,,,
1238,,,,,,
1239,,,,,,
1240,,,,,,
1241,,,,,,
1242,,,,,,
1243,,,,,,
1244,,,,,,
1245,,,,,,
1246,,,,,,
1247,,,,,,
1248,,,,,,
1249,,,,,,
1250,,,,,,
1251,,,,,,
1252,,,,,,
1253,,,,,,
1254,,,,,,
1255,,,,,,
1256,,,,,,
1257,,,,,,
1258,,,,,,
1259,,,,,,
1260,,,,,,
1261,,,,,,
1262,,,,,,
1263,,,,,,
1264,,,,,,
1265,,,,,,
1266,,,,,,
1267,,,,,,
1268,,,,,,
1269,,,,,,
1270,,,,,,
1271,,,,,,
1272,,,,,,
1273,,,,,,
1274,,,,,,
1275,,,,,,
1276,,,,,,
1277,,,,,,
1278,,,,,,
1279,,,,,,
1280,,,,,,
1281,,,,,,
1282,,,,,,
1283,,,,,,
1284,,,,,,
1285,,,,,,
1286,,,,,,
1287,,,,,,
1288,,,,,,
1289,,,,,,
1290,,,,,,
1291,,,,,,
1292,,,,,,
1293,,,,,,
1294,,,,,,
1295,,,,,,
1296,,,,,,
1297,,,,,,
1298,,,,,,
1299,,,,,,
1300,,,,,,
1301,,,,,,
1302,,,,,,
1303,,,,,,
1304,,,,,,
1305,,,,,,
1306,,,,,,
1307,,,,,,
1308,,,,,,
1309,,,,,,
1310,,,,,,
1311,,,,,,
1312,,,,,,
1313,,,,,,
1314,,,,,,
1315,,,,,,
1316,,,,,,
1317,,,,,,
1318,,,,,,
1319,,,,,,
1320,,,,,,
1321,,,,,,
1322,,,,,,
1323,,,,,,
1324,,,,,,
1325,,,,,,
1326,,,,,,
1327,,,,,,
1328,,,,,,
1329,,,,,,
1330,,,,,,
1331,,,,,,
1332,,,,,,
1333,,,,,,
1334,,,,,,
1335,,,,,,
1336,,,,,,
1337,,,,,,
1338,,,,,,
1339,,,,,,
1340,,,,,,
1341,,,,,,
1342,,,,,,
1343,,,,,,
1344,,,,,,
1345,,,,,,
1346,,,,,,
1347,,,,,,
1348,,,,,,
1349,,,,,,
1350,,,,,,
1351,,,,,,
1352,,,,,,
1353,,,,,,
1354,,,,,,
1355,,,,,,
1356,,,,,,
1357,,,,,,
1358,,,,,,
1359,,,,,,
1360,,,,,,
1361,,,,,,
1362,,,,,,
1363,,,,,,
1364,,,,,,
1365,,,,,,
1366,,,,,,
1367,,,,,,
1368,,,,,,
1369,,,,,,
1370,,,,,,
1371,,,,,,
1372,,,,,,
1373,,,,,,
1374,,,,,,
1375,,,,,,
1376,,,,,,
1377,,,,,,
1378,,,,,,
1379,,,,,,
1380,,,,,,
1381,,,,,,
1382,,,,,,
1383,,,,,,
1384,,,,,,
1385,,,,,,
1386,,,,,,
1387,,,,,,
1388,,,,,,
1389,,,,,,
1390,,,,,,
1391,,,,,,
1392,,,,,,
1393,,,,,,
1394,,,,,,
1395,,,,,,
1396,,,,,,
1397,,,,,,
1398,,,,,,
1399,,,,,,
1400,,,,,,
1401,,,,,,
1402,,,,,,
1403,,,,,,
1404,,,,,,
1405,,,,,,
1406,,,,,,
1407,,,,,,
1408,,,,,,
1409,,,,,,
1410,,,,,,
1411,,,,,,
1412,,,,,,
1413,,,,,,
1414,,,,,,
1415,,,,,,
1416,,,,,,
1417,,,,,,
1418,,,,,,
1419,,,,,,
1420,,,,,,
1421,,,,,,
1422,,,,,,
1423,,,,,,
1424,,,,,,
1425,,,,,,
1426,,,,,,
1427,,,,,,
1428,,,,,,
1429,,,,,,
1430,,,,,,
1431,,,,,,
1432,,,,,,
1433,,,,,,
1434,,,,,,
1435,,,,,,
1436,,,,,,
1437,,,,,,
1438,,,,,,
1439,,,,,,
1440,,,,,,
1441,,,,,,
1442,,,,,,
1443,,,,,,
1444,,,,,,
1445,,,,,,
1446,,,,,,
1447,,,,,,
1448,,,,,,
1449,,,,,,
1450,,,,,,
1451,,,,,,
1452,,,,,,
1453,,,,,,
1454,,,,,,
1455,,,,,,
1456,,,,,,
1457,,,,,,
1458,,,,,,
1459,,,,,,
1460,,,,,,
1461,,,,,,
1462,,,,,,
1463,,,,,,
1464,,,,,,
1465,,,,,,
1466,,,,,,
1467,,,,,,
1468,,,,,,
1469,,,,,,
1470,,,,,,
1471,,,,,,
1472,,,,,,
1473,,,,,,
1474,,,,,,
1475,,,,,,
1476,,,,,,
1477,,,,,,
1478,,,,,,
1479,,,,,,
1480,,,,,,
1481,,,,,,
1482,,,,,,
1483,,,,,,
1484,,,,,,
1485,,,,,,
1486,,,,,,
1487,,,,,,
1488,,,,,,
1489,,,,,,
1490,,,,,,
1491,,,,,,
1492,,,,,,
1493,,,,,,
1494,,,,,,
1495,,,,,,
1496,,,,,,
1497,,,,,,
1498,,,,,,
1499,,,,,,
1500,,,,,,
1501,,,,,,
1502,,,,,,
1503,,,,,,
1504,,,,,,
1505,,,,,,
1506,,,,,,
1507,,,,,,
1508,,,,,,
1509,,,,,,
1510,,,,,,
1511,,,,,,
1512,,,,,,
1513,,,,,,
1514,,,,,,
1515,,,,,,
1516,,,,,,
1517,,,,,,
1518,,,,,,
1519,,,,,,
1520,,,,,,
1521,,,,,,
1522,,,,,,
1523,,,,,,
1524,,,,,,
1525,,,,,,
1526,,,,,,
1527,,,,,,
1528,,,,,,
1529,,,,,,
1530,,,,,,
1531,,,,,,
1532,,,,,,
1533,,,,,,
1534,,,,,,
1535,,,,,,
1536,,,,,,
1537,,,,,,
1538,,,,,,
1539,,,,,,
1540,,,,,,
1541,,,,,,
1542,,,,,,
1543,,,,,,
1544,,,,,,
1545,,,,,,
1546,,,,,,
1547,,,,,,
1548,,,,,,
1549,,,,,,
1550,,,,,,
1551,,,,,,
1552,,,,,,
1553,,,,,,
1554,,,,,,
1555,,,,,,
1556,,,,,,
1557,,,,,,
1558,,,,,,
1559,,,,,,
1560,,,,,,
1561,,,,,,
1562,,,,,,
1563,,,,,,
1564,,,,,,
1565,,,,,,
1566,,,,,,
1567,,,,,,
1568,,,,,,
1569,,,,,,
1570,,,,,,
1571,,,,,,
1572,,,,,,
1573,,,,,,
1574,,,,,,
1575,,,,,,
1576,,,,,,
1577,,,,,,
1578,,,,,,
1579,,,,,,
1580,,,,,,
1581,,,,,,
1582,,,,,,
1583,,,,,,
1584,,,,,,
1585,,,,,,
1586,,,,,,
1587,,,,,,
1588,,,,,,
1589,,,,,,
1590,,,,,,
1591,,,,,,
1592,,,,,,
1593,,,,,,
1594,,,,,,
1595,,,,,,
1596,,,,,,
1597,,,,,,
1598,,,,,,
1599,,,,,,
1600,,,,,,
1601,,,,,,
1602,,,,,,
1603,,,,,,
1604,,,,,,
1605,,,,,,
1606,,,,,,
1607,,,,,,
1608,,,,,,
1609,,,,,,
1610,,,,,,
1611,,,,,,
1612,,,,,,
1613,,,,,,
1614,,,,,,
1615,,,,,,
1616,,,,,,
1617,,,,,,
1618,,,,,,
1619,,,,,,
1620,,,,,,
1621,,,,,,
1622,,,,,,
1623,,,,,,
1624,,,,,,
1625,,,,,,
1626,,,,,,
1627,,,,,,
1628,,,,,,
1629,,,,,,
1630,,,,,,
1631,,,,,,
1632,,,,,,
1633,,,,,,
1634,,,,,,
1635,,,,,,
1636,,,,,,
1637,,,,,,
1638,,,,,,
1639,,,,,,
1640,,,,,,
1641,,,,,,
1642,,,,,,
1643,,,,,,
1644,,,,,,
1645,,,,,,
1646,,,,,,
1647,,,,,,
1648,,,,,,
1649,,,,,,
1650,,,,,,
1651,,,,,,
1652,,,,,,
1653,,,,,,
1654,,,,,,
1655,,,,,,
1656,,,,,,
1657,,,,,,
1658,,,,,,
1659,,,,,,
1660,,,,,,
1661,,,,,,
1662,,,,,,
1663,,,,,,
1664,,,,,,
1665,,,,,,
1666,,,,,,
1667,,,,,,
1668,,,,,,
1669,,,,,,
1670,,,,,,
1671,,,,,,
1672,,,,,,
1673,,,,,,
1674,,,,,,
1675,,,,,,
1676,,,,,,
1677,,,,,,
1678,,,,,,
1679,,,,,,
1680,,,,,,
1681,,,,,,
1682,,,,,,
1683,,,,,,
1684,,,,,,
1685,,,,,,
1686,,,,,,
1687,,,,,,
1688,,,,,,
1689,,,,,,
1690,,,,,,
1691,,,,,,
1692,,,,,,
1693,,,,,,
1694,,,,,,
1695,,,,,,
1696,,,,,,
1697,,,,,,
1698,,,,,,
1699,,,,,,
1700,,,,,,
1701,,,,,,
1702,,,,,,
1703,,,,,,
1704,,,,,,
1705,,,,,,
1706,,,,,,
1707,,,,,,
1708,,,,,,
1709,,,,,,
1710,,,,,,
1711,,,,,,
1712,,,,,,
1713,,,,,,
1714,,,,,,
1715,,,,,,
1716,,,,,,
1717,,,,,,
1718,,,,,,
1719,,,,,,
1720,,,,,,
1721,,,,,,
1722,,,,,,
1723,,,,,,
1724,,,,,,
1725,,,,,,
1726,,,,,,
1727,,,,,,
1728,,,,,,
1729,,,,,,
1730,,,,,,
1731,,,,,,
1732,,,,,,
1733,,,,,,
1734,,,,,,
1735,,,,,,
1736,,,,,,
1737,,,,,,
1738,,,,,,
1739,,,,,,
1740,,,,,,
1741,,,,,,
1742,,,,,,
1743,,,,,,
1744,,,,,,
1745,,,,,,
1746,,,,,,
1747,,,,,,
1748,,,,,,
1749,,,,,,
1750,,,,,,
1751,,,,,,
1752,,,,,,
1753,,,,,,
1754,,,,,,
1755,,,,,,
1756,,,,,,
1757,,,,,,
1758,,,,,,
1759,,,,,,
1760,,,,,,
1761,,,,,,
1762,,,,,,
1763,,,,,,
1764,,,,,,
1765,,,,,,
1766,,,,,,
1767,,,,,,
1768,,,,,,
1769,,,,,,
1770,,,,,,
1771,,,,,,
1772,,,,,,
1773,,,,,,
1774,,,,,,
1775,,,,,,
1776,,,,,,
1777,,,,,,
1778,,,,,,
1779,,,,,,
1780,,,,,,
1781,,,,,,
1782,,,,,,
1783,,,,,,
1784,,,,,,
1785,,,,,,
1786,,,,,,
1787,,,,,,
1788,,,,,,
1789,,,,,,
1790,,,,,,
1791,,,,,,
1792,,,,,,
1793,,,,,,
1794,,,,,,
1795,,,,,,
1796,,,,,,
1797,,,,,,
1798,,,,,,
1799,,,,,,
1800,,,,,,
1801,,,,,,
1802,,,,,,
1803,,,,,,
1804,,,,,,
1805,,,,,,
1806,,,,,,
1807,,,,,,
1808,,,,,,
1809,,,,,,
1810,,,,,,
1811,,,,,,
1812,,,,,,
1813,,,,,,
1814,,,,,,
1815,,,,,,
1816,,,,,,
1817,,,,,,
1818,,,,,,
1819,,,,,,
1820,,,,,,
1821,,,,,,
1822,,,,,,
1823,,,,,,
1824,,,,,,
1825,,,,,,
1826,,,,,,
1827,,,,,,
1828,,,,,,
1829,,,,,,
1830,,,,,,
1831,,,,,,
1832,,,,,,
1833,,,,,,
1834,,,,,,
1835,,,,,,
1836,,,,,,
1837,,,,,,
1838,,,,,,
1839,,,,,,
1840,,,,,,
1841,,,,,,
1842,,,,,,
1843,,,,,,
1844,,,,,,
1845,,,,,,
1846,,,,,,
1847,,,,,,
1848,,,,,,
1849,,,,,,
1850,,,,,,
1851,,,,,,
1852,,,,,,
1853,,,,,,
1854,,,,,,
1855,,,,,,
1856,,,,,,
1857,,,,,,
1858,,,,,,
1859,,,,,,
1860,,,,,,
1861,,,,,,
1862,,,,,,
1863,,,,,,
1864,,,,,,
1865,,,,,,
1866,,,,,,
1867,,,,,,
1868,,,,,,
1869,,,,,,
1870,,,,,,
1871,,,,,,
1872,,,,,,
1873,,,,,,
1874,,,,,,
1875,,,,,,
1876,,,,,,
1877,,,,,,
1878,,,,,,
1879,,,,,,
1880,,,,,,
1881,,,,,,
1882,,,,,,
1883,,,,,,
1884,,,,,,
1885,,,,,,
1886,,,,,,
1887,,,,,,
1888,,,,,,
1889,,,,,,
1890,,,,,,
1891,,,,,,
1892,,,,,,
1893,,,,,,
1894,,,,,,
1895,,,,,,
1896,,,,,,
1897,,,,,,
1898,,,,,,
1899,,,,,,
1900,,,,,,
1901,,,,,,
1902,,,,,,
1903,,,,,,
1904,,,,,,
1905,,,,,,
1906,,,,,,
1907,,,,,,
1908,,,,,,
1909,,,,,,
1910,,,,,,
1911,,,,,,
1912,,,,,,
1913,,,,,,
1914,,,,,,
1915,,,,,,
1916,,,,,,
1917,,,,,,
1918,,,,,,
1919,,,,,,
1920,,,,,,
1921,,,,,,
1922,,,,,,
1923,,,,,,
1924,,,,,,
1925,,,,,,
1926,,,,,,
1927,,,,,,
1928,,,,,,
1929,,,,,,
1930,,,,,,
1931,,,,,,
1932,,,,,,
1933,,,,,,
1934,,,,,,
1935,,,,,,
1936,,,,,,
1937,,,,,,
1938,,,,,,
1939,,,,,,
1940,,,,,,
1941,,,,,,
1942,,,,,,
1943,,,,,,
1944,,,,,,
1945,,,,,,
1946,,,,,,
1947,,,,,,
1948,,,,,,
1949,,,,,,
1950,,,,,,
1951,,,,,,
1952,,,,,,
1953,,,,,,
1954,,,,,,
1955,,,,,,
1956,,,,,,
1957,,,,,,
1958,,,,,,
1959,,,,,,
1960,,,,,,
1961,,,,,,
1962,,,,,,
1963,,,,,,
1964,,,,,,
1965,,,,,,
1966,,,,,,
1967,,,,,,
1968,,,,,,
1969,,,,,,
1970,,,,,,
1971,,,,,,
1972,,,,,,
1973,,,,,,
1974,,,,,,
1975,,,,,,
1976,,,,,,
1977,,,,,,
1978,,,,,,
1979,,,,,,
1980,,,,,,
1981,,,,,,
1982,,,,,,
1983,,,,,,
1984,,,,,,
1985,,,,,,
1986,,,,,,
1987,,,,,,
1988,,,,,,
1989,,,,,,
1990,,,,,,
1991,,,,,,
1992,,,,,,
1993,,,,,,
1994,,,,,,
1995,,,,,,
1996,,,,,,
1997,,,,,,
1998,,,,,,
1999,,,,,,
2000,,,,,,
2001,,,,,,
2002,,,,,,
2003,,,,,,
2004,,,,,,
2005,,,,,,
2006,,,,,,
2007,,,,,,
2008,,,,,,
2009,,,,,,
2010,,,,,,
2011,,,,,,
2012,,,,,,
2013,,,,,,
2014,,,,,,
2015,,,,,,
2016,,,,,,
2017,,,,,,
2018,,,,,,
2019,,,,,,
2020,,,,,,
2021,,,,,,
2022,,,,,,
2023,,,,,,
2024,,,,,,
2025,,,,,,
2026,,,,,,
2027,,,,,,
2028,,,,,,
2029,,,,,,
2030,,,,,,
2031,,,,,,
2032,,,,,,
2033,,,,,,
2034,,,,,,
2035,,,,,,
2036,,,,,,
2037,,,,,,
2038,,,,,,
2039,,,,,,
2040,,,,,,
2041,,,,,,
2042,,,,,,
2043,,,,,,
2044,,,,,,
2045,,,,,,
2046,,,,,,
2047,,,,,,
2048,,,,,,
2049,,,,,,
2050,,,,,,
2051,,,,,,
2052,,,,,,
2053,,,,,,
2054,,,,,,
2055,,,,,,
2056,,,,,,
2057,,,,,,
2058,,,,,,
2059,,,,,,
2060,,,,,,
2061,,,,,,
2062,,,,,,
2063,,,,,,
2064,,,,,,
2065,,,,,,
2066,,,,,,
2067,,,,,,
2068,,,,,,
2069,,,,,,
2070,,,,,,
2071,,,,,,
2072,,,,,,
2073,,,,,,
2074,,,,,,
2075,,,,,,
2076,,,,,,
2077,,,,,,
2078,,,,,,
2079,,,,,,
2080,,,,,,
2081,,,,,,
2082,,,,,,
2083,,,,,,
2084,,,,,,
2085,,,,,,
2086,,,,,,
2087,,,,,,
2088,,,,,,
2089,,,,,,
2090,,,,,,
2091,,,,,,
2092,,,,,,
2093,,,,,,
2094,,,,,,
2095,,,,,,
2096,,,,,,
2097,,,,,,
2098,,,,,,
2099,,,,,,
2100,,,,,,
2101,,,,,,
2102,,,,,,
2103,,,,,,
2104,,,,,,
2105,,,,,,
2106,,,,,,
2107,,,,,,
2108,,,,,,
2109,,,,,,
2110,,,,,,
2111,,,,,,
2112,,,,,,
2113,,,,,,
2114,,,,,,
2115,,,,,,
2116,,,,,,
2117,,,,,,
2118,,,,,,
2119,,,,,,
2120,,,,,,
2121,,,,,,
2122,,,,,,
2123,,,,,,
2124,,,,,,
2125,,,,,,
2126,,,,,,
2127,,,,,,
2128,,,,,,
2129,,,,,,
2130,,,,,,
2131,,,,,,
2132,,,,,,
2133,,,,,,
2134,,,,,,
2135,,,,,,
2136,,,,,,
2137,,,,,,
2138,,,,,,
2139,,,,,,
2140,,,,,,
2141,,,,,,
2142,,,,,,
2143,,,,,,
2144,,,,,,
2145,,,,,,
2146,,,,,,
2147,,,,,,
2148,,,,,,
2149,,,,,,
2150,,,,,,
2151,,,,,,
2152,,,,,,
2153,,,,,,
2154,,,,,,
2155,,,,,,
2156,,,,,,
2157,,,,,,
2158,,,,,,
2159,,,,,,
2160,,,,,,
2161,,,,,,
2162,,,,,,
2163,,,,,,
2164,,,,,,
2165,,,,,,
2166,,,,,,
2167,,,,,,
2168,,,,,,
2169,,,,,,
2170,,,,,,
2171,,,,,,
2172,,,,,,
2173,,,,,,
2174,,,,,,
2175,,,,,,
2176,,,,,,
2177,,,,,,
2178,,,,,,
2179,,,,,,
2180,,,,,,
2181,,,,,,
2182,,,,,,
2183,,,,,,
2184,,,,,,
2185,,,,,,
2186,,,,,,
2187,,,,,,
2188,,,,,,
2189,,,,,,
2190,,,,,,
2191,,,,,,
2192,,,,,,
2193,,,,,,
2194,,,,,,
2195,,,,,,
2196,,,,,,
2197,,,,,,
2198,,,,,,
2199,,,,,,
2200,,,,,,
2201,,,,,,
2202,,,,,,
2203,,,,,,
2204,,,,,,
2205,,,,,,
2206,,,,,,
2207,,,,,,
2208,,,,,,
2209,,,,,,
2210,,,,,,
2211,,,,,,
2212,,,,,,
2213,,,,,,
2214,,,,,,
2215,,,,,,
2216,,,,,,
2217,,,,,,
2218,,,,,,
2219,,,,,,
2220,,,,,,
2221,,,,,,
2222,,,,,,
2223,,,,,,
2224,,,,,,
2225,,,,,,
2226,,,,,,
2227,,,,,,
2228,,,,,,
2229,,,,,,
2230,,,,,,
2231,,,,,,
2232,,,,,,
2233,,,,,,
2234,,,,,,
2235,,,,,,
2236,,,,,,
2237,,,,,,
2238,,,,,,
2239,,,,,,
2240,,,,,,
2241,,,,,,
2242,,,,,,
2243,,,,,,
2244,,,,,,
2245,,,,,,
2246,,,,,,
2247,,,,,,
2248,,,,,,
2249,,,,,,
2250,,,,,,
2251,,,,,,
2252,,,,,,
2253,,,,,,
2254,,,,,,
2255,,,,,,
2256,,,,,,
2257,,,,,,
2258,,,,,,
2259,,,,,,
2260,,,,,,
2261,,,,,,
2262,,,,,,
2263,,,,,,
2264,,,,,,
2265,,,,,,
2266,,,,,,
2267,,,,,,
2268,,,,,,
2269,,,,,,
2270,,,,,,
2271,,,,,,
2272,,,,,,
2273,,,,,,
2274,,,,,,
2275,,,,,,
2276,,,,,,
2277,,,,,,
2278,,,,,,
2279,,,,,,
2280,,,,,,
2281,,,,,,
2282,,,,,,
2283,,,,,,
2284,,,,,,
2285,,,,,,
2286,,,,,,
2287,,,,,,
2288,,,,,,
2289,,,,,,
2290,,,,,,
2291,,,,,,
2292,,,,,,
2293,,,,,,
2294,,,,,,
2295,,,,,,
2296,,,,,,
2297,,,,,,
2298,,,,,,
2299,,,,,,
2300,,,,,,
2301,,,,,,
2302,,,,,,
2303,,,,,,
2304,,,,,,
2305,,,,,,
2306,,,,,,
2307,,,,,,
2308,,,,,,
2309,,,,,,
2310,,,,,,
2311,,,,,,
2312,,,,,,
2313,,,,,,
2314,,,,,,
2315,,,,,,
2316,,,,,,
2317,,,,,,
2318,,,,,,
2319,,,,,,
2320,,,,,,
2321,,,,,,
2322,,,,,,
2323,,,,,,
2324,,,,,,
2325,,,,,,
2326,,,,,,
2327,,,,,,
2328,,,,,,
2329,,,,,,
2330,,,,,,
2331,,,,,,
2332,,,,,,
2333,,,,,,
2334,,,,,,
2335,,,,,,
2336,,,,,,
2337,,,,,,
2338,,,,,,
2339,,,,,,
2340,,,,,,
2341,,,,,,
2342,,,,,,
2343,,,,,,
2344,,,,,,
2345,,,,,,
2346,,,,,,
2347,,,,,,
2348,,,,,,
2349,,,,,,
2350,,,,,,
2351,,,,,,
2352,,,,,,
2353,,,,,,
2354,,,,,,
2355,,,,,,
2356,,,,,,
2357,,,,,,
2358,,,,,,
2359,,,,,,
2360,,,,,,
2361,,,,,,
2362,,,,,,
2363,,,,,,
2364,,,,,,
2365,,,,,,
2366,,,,,,
2367,,,,,,
2368,,,,,,
2369,,,,,,
2370,,,,,,
2371,,,,,,
2372,,,,,,
2373,,,,,,
2374,,,,,,
2375,,,,,,
2376,,,,,,
2377,,,,,,
2378,,,,,,
2379,,,,,,
2380,,,,,,
2381,,,,,,
2382,,,,,,
2383,,,,,,
2384,,,,,,
2385,,,,,,
2386,,,,,,
2387,,,,,,
2388,,,,,,
2389,,,,,,
2390,,,,,,
2391,,,,,,
2392,,,,,,
2393,,,,,,
2394,,,,,,
2395,,,,,,
2396,,,,,,
2397,,,,,,
2398,,,,,,
2399,,,,,,
2400,,,,,,
2401,,,,,,
2402,,,,,,
2403,,,,,,
2404,,,,,,
2405,,,,,,
2406,,,,,,
2407,,,,,,
2408,,,,,,
2409,,,,,,
2410,,,,,,
2411,,,,,,
2412,,,,,,
2413,,,,,,
2414,,,,,,
2415,,,,,,
2416,,,,,,
2417,,,,,,
2418,,,,,,
2419,,,,,,
2420,,,,,,
2421,,,,,,
2422,,,,,,
2423,,,,,,
2424,,,,,,
2425,,,,,,
2426,,,,,,
2427,,,,,,
2428,,,,,,
2429,,,,,,
2430,,,,,,
2431,,,,,,
2432,,,,,,
2433,,,,,,
2434,,,,,,
2435,,,,,,
2436,,,,,,
2437,,,,,,
2438,,,,,,
2439,,,,,,
2440,,,,,,
2441,,,,,,
2442,,,,,,
2443,,,,,,
2444,,,,,,
2445,,,,,,
2446,,,,,,
2447,,,,,,
2448,,,,,,
2449,,,,,,
2450,,,,,,
2451,,,,,,
2452,,,,,,
2453,,,,,,
2454,,,,,,
2455,,,,,,
2456,,,,,,
2457,,,,,,
2458,,,,,,
2459,,,,,,
2460,,,,,,
2461,,,,,,
2462,,,,,,
2463,,,,,,
2464,,,,,,
2465,,,,,,
2466,,,,,,
2467,,,,,,
2468,,,,,,
2469,,,,,,
2470,,,,,,
2471,,,,,,
2472,,,,,,
2473,,,,,,
2474,,,,,,
2475,,,,,,
2476,,,,,,
2477,,,,,,
2478,,,,,,
2479,,,,,,
2480,,,,,,
2481,,,,,,
2482,,,,,,
2483,,,,,,
2484,,,,,,
2485,,,,,,
2486,,,,,,
2487,,,,,,
2488,,,,,,
2489,,,,,,
2490,,,,,,
2491,,,,,,
2492,,,,,,
2493,,,,,,
2494,,,,,,
2495,,,,,,
2496,,,,,,
2497,,,,,,
2498,,,,,,
2499,,,,,,
2500,,,,,,
2501,,,,,,
2502,,,,,,
2503,,,,,,
2504,,,,,,
2505,,,,,,
2506,,,,,,
2507,,,,,,
2508,,,,,,
2509,,,,,,
2510,,,,,,
2511,,,,,,
2512,,,,,,
2513,,,,,,
2514,,,,,,
2515,,,,,,
2516,,,,,,
2517,,,,,,
2518,,,,,,
2519,,,,,,
2520,,,,,,
2521,,,,,,
2522,,,,,,
2523,,,,,,
2524,,,,,,
2525,,,,,,
2526,,,,,,
2527,,,,,,
2528,,,,,,
2529,,,,,,
2530,,,,,,
2531,,,,,,
2532,,,,,,
2533,,,,,,
2534,,,,,,
2535,,,,,,
2536,,,,,,
2537,,,,,,
2538,,,,,,
2539,,,,,,
2540,,,,,,
2541,,,,,,
2542,,,,,,
2543,,,,,,
2544,,,,,,
2545,,,,,,
2546,,,,,,
2547,,,,,,
2548,,,,,,
2549,,,,,,
2550,,,,,,
2551,,,,,,
2552,,,,,,
2553,,,,,,
2554,,,,,,
2555,,,,,,
2556,,,,,,
2557,,,,,,
2558,,,,,,
2559,,,,,,
2560,,,,,,
2561,,,,,,
2562,,,,,,
2563,,,,,,
2564,,,,,,
2565,,,,,,
2566,,,,,,
2567,,,,,,
2568,,,,,,
2569,,,,,,
2570,,,,,,
2571,,,,,,
2572,,,,,,
2573,,,,,,
2574,,,,,,
2575,,,,,,
2576,,,,,,
2577,,,,,,
2578,,,,,,
2579,,,,,,
2580,,,,,,
2581,,,,,,
2582,,,,,,
2583,,,,,,
2584,,,,,,
2585,,,,,,
2586,,,,,,
2587,,,,,,
2588,,,,,,
2589,,,,,,
2590,,,,,,
2591,,,,,,
2592,,,,,,
2593,,,,,,
2594,,,,,,
2595,,,,,,
2596,,,,,,
2597,,,,,,
2598,,,,,,
2599,,,,,,
2600,,,,,,
2601,,,,,,
2602,,,,,,
2603,,,,,,
2604,,,,,,
2605,,,,,,
2606,,,,,,
2607,,,,,,
2608,,,,,,
2609,,,,,,
2610,,,,,,
2611,,,,,,
2612,,,,,,
2613,,,,,,
2614,,,,,,
2615,,,,,,
2616,,,,,,
2617,,,,,,
2618,,,,,,
2619,,,,,,
2620,,,,,,
2621,,,,,,
2622,,,,,,
2623,,,,,,
2624,,,,,,
2625,,,,,,
2626,,,,,,
2627,,,,,,
2628,,,,,,
2629,,,,,,
2630,,,,,,
2631,,,,,,
2632,,,,,,
2633,,,,,,
2634,,,,,,
2635,,,,,,
2636,,,,,,
2637,,,,,,
2638,,,,,,
2639,,,,,,
2640,,,,,,
2641,,,,,,
2642,,,,,,
2643,,,,,,
2644,,,,,,
2645,,,,,,
2646,,,,,,
2647,,,,,,
2648,,,,,,
2649,,,,,,
2650,,,,,,
2651,,,,,,
2652,,,,,,
2653,,,,,,
2654,,,,,,
2655,,,,,,
2656,,,,,,
2657,,,,,,
2658,,,,,,
2659,,,,,,
2660,,,,,,
2661,,,,,,
2662,,,,,,
2663,,,,,,
2664,,,,,,
2665,,,,,,
2666,,,,,,
2667,,,,,,
2668,,,,,,
2669,,,,,,
2670,,,,,,
2671,,,,,,
2672,,,,,,
2673,,,,,,
2674,,,,,,
2675,,,,,,
2676,,,,,,
2677,,,,,,
2678,,,,,,
2679,,,,,,
2680,,,,,,
2681,,,,,,
2682,,,,,,
2683,,,,,,
2684,,,,,,
2685,,,,,,
2686,,,,,,
2687,,,,,,
2688,,,,,,
2689,,,,,,
2690,,,,,,
2691,,,,,,
2692,,,,,,
2693,,,,,,
2694,,,,,,
2695,,,,,,
2696,,,,,,
2697,,,,,,
2698,,,,,,
2699,,,,,,
2700,,,,,,
2701,,,,,,
2702,,,,,,
2703,,,,,,
2704,,,,,,
2705,,,,,,
2706,,,,,,
2707,,,,,,
2708,,,,,,
2709,,,,,,
2710,,,,,,
2711,,,,,,
2712,,,,,,
2713,,,,,,
2714,,,,,,
2715,,,,,,
2716,,,,,,
2717,,,,,,
2718,,,,,,
2719,,,,,,
2720,,,,,,
2721,,,,,,
2722,,,,,,
2723,,,,,,
2724,,,,,,
2725,,,,,,
2726,,,,,,
2727,,,,,,
2728,,,,,,
2729,,,,,,
2730,,,,,,
2731,,,,,,
2732,,,,,,
2733,,,,,,
2734,,,,,,
2735,,,,,,
2736,,,,,,
2737,,,,,,
2738,,,,,,
2739,,,,,,
2740,,,,,,
2741,,,,,,
2742,,,,,,
2743,,,,,,
2744,,,,,,
2745,,,,,,
2746,,,,,,
2747,,,,,,
2748,,,,,,
2749,,,,,,
2750,,,,,,
2751,,,,,,
2752,,,,,,
2753,,,,,,
2754,,,,,,
2755,,,,,,
2756,,,,,,
2757,,,,,,
2758,,,,,,
2759,,,,,,
2760,,,,,,
2761,,,,,,
2762,,,,,,
2763,,,,,,
2764,,,,,,
2765,,,,,,
2766,,,,,,
2767,,,,,,
2768,,,,,,
2769,,,,,,
2770,,,,,,
2771,,,,,,
2772,,,,,,
2773,,,,,,
2774,,,,,,
2775,,,,,,
2776,,,,,,
2777,,,,,,
2778,,,,,,
2779,,,,,,
2780,,,,,,
2781,,,,,,
2782,,,,,,
2783,,,,,,
2784,,,,,,
2785,,,,,,
2786,,,,,,
2787,,,,,,
2788,,,,,,
2789,,,,,,
2790,,,,,,
2791,,,,,,
2792,,,,,,
2793,,,,,,
2794,,,,,,
2795,,,,,,
2796,,,,,,
2797,,,,,,
2798,,,,,,
2799,,,,,,
2800,,,,,,
2801,,,,,,
2802,,,,,,
2803,,,,,,
2804,,,,,,
2805,,,,,,
2806,,,,,,
2807,,,,,,
2808,,,,,,
2809,,,,,,
2810,,,,,,
2811,,,,,,
2812,,,,,,
2813,,,,,,
2814,,,,,,
2815,,,,,,
2816,,,,,,
2817,,,,,,
2818,,,,,,
2819,,,,,,
2820,,,,,,
2821,,,,,,
2822,,,,,,
2823,,,,,,
2824,,,,,,
2825,,,,,,
2826,,,,,,
2827,,,,,,
2828,,,,,,
2829,,,,,,
2830,,,,,,
2831,,,,,,
2832,,,,,,
2833,,,,,,
2834,,,,,,
2835,,,,,,
2836,,,,,,
2837,,,,,,
2838,,,,,,
2839,,,,,,
2840,,,,,,
2841,,,,,,
2842,,,,,,
2843,,,,,,
2844,,,,,,
2845,,,,,,
2846,,,,,,
2847,,,,,,
2848,,,,,,
2849,,,,,,
2850,,,,,,
2851,,,,,,
2852,,,,,,
2853,,,,,,
2854,,,,,,
2855,,,,,,
2856,,,,,,
2857,,,,,,
2858,,,,,,
2859,,,,,,
2860,,,,,,
2861,,,,,,
2862,,,,,,
2863,,,,,,
2864,,,,,,
2865,,,,,,
2866,,,,,,
2867,,,,,,
2868,,,,,,
2869,,,,,,
2870,,,,,,
2871,,,,,,
2872,,,,,,
2873,,,,,,
2874,,,,,,
2875,,,,,,
2876,,,,,,
2877,,,,,,
2878,,,,,,
2879,,,,,,
2880,,,,,,
2881,,,,,,
2882,,,,,,
2883,,,,,,
2884,,,,,,
2885,,,,,,
2886,,,,,,
2887,,,,,,
2888,,,,,,
2889,,,,,,
2890,,,,,,
2891,,,,,,
2892,,,,,,
2893,,,,,,
2894,,,,,,
2895,,,,,,
2896,,,,,,
2897,,,,,,
2898,,,,,,
2899,,,,,,
2900,,,,,,
2901,,,,,,
2902,,,,,,
2903,,,,,,
2904,,,,,,
2905,,,,,,
2906,,,,,,
2907,,,,,,
2908,,,,,,
2909,,,,,,
2910,,,,,,
2911,,,,,,
2912,,,,,,
2913,,,,,,
2914,,,,,,
2915,,,,,,
2916,,,,,,
2917,,,,,,
2918,,,,,,
2919,,,,,,
2920,,,,,,
2921,,,,,,
2922,,,,,,
2923,,,,,,
2924,,,,,,
2925,,,,,,
2926,,,,,,
2927,,,,,,
2928,,,,,,
2929,,,,,,
2930,,,,,,
2931,,,,,,
2932,,,,,,
2933,,,,,,
2934,,,,,,
2935,,,,,,
2936,,,,,,
2937,,,,,,
2938,,,,,,
2939,,,,,,
2940,,,,,,
2941,,,,,,
2942,,,,,,
2943,,,,,,
2944,,,,,,
2945,,,,,,
2946,,,,,,
2947,,,,,,
2948,,,,,,
2949,,,,,,
2950,,,,,,
2951,,,,,,
2952,,,,,,
2953,,,,,,
2954,,,,,,
2955,,,,,,
2956,,,,,,
2957,,,,,,
2958,,,,,,
2959,,,,,,
2960,,,,,,
2961,,,,,,
2962,,,,,,
2963,,,,,,
2964,,,,,,
2965,,,,,,
2966,,,,,,
2967,,,,,,
2968,,,,,,
2969,,,,,,
2970,,,,,,
2971,,,,,,
2972,,,,,,
2973,,,,,,
2974,,,,,,
2975,,,,,,
2976,,,,,,
2977,,,,,,
2978,,,,,,
2979,,,,,,
2980,,,,,,
2981,,,,,,
2982,,,,,,
2983,,,,,,
2984,,,,,,
2985,,,,,,
2986,,,,,,
2987,,,,,,
2988,,,,,,
2989,,,,,,
2990,,,,,,
2991,,,,,,
2992,,,,,,
2993,,,,,,
2994,,,,,,
2995,,,,,,
2996,,,,,,
2997,,,,,,
2998,,,,,,
2999,,,,,,
3000,,,,,,
3001,,,,,,
3002,,,,,,
3003,,,,,,
3004,,,,,,
3005,,,,,,
3006,,,,,,
3007,,,,,,
3008,,,,,,
3009,,,,,,
3010,,,,,,
3011,,,,,,
3012,,,,,,
3013,,,,,,
3014,,,,,,
3015,,,,,,
3016,,,,,,
3017,,,,,,
3018,,,,,,
3019,,,,,,
3020,,,,,,
3021,,,,,,
3022,,,,,,
3023,,,,,,
3024,,,,,,
3025,,,,,,
3026,,,,,,
3027,,,,,,
3028,,,,,,
3029,,,,,,
3030,,,,,,
3031,,,,,,
3032,,,,,,
3033,,,,,,
3034,,,,,,
3035,,,,,,
3036,,,,,,
3037,,,,,,
3038,,,,,,
3039,,,,,,
3040,,,,,,
3041,,,,,,
3042,,,,,,
3043,,,,,,
3044,,,,,,
3045,,,,,,
3046,,,,,,
3047,,,,,,
3048,,,,,,
3049,,,,,,
3050,,,,,,
3051,,,,,,
3052,,,,,,
3053,,,,,,
3054,,,,,,
3055,,,,,,
3056,,,,,,
3057,,,,,,
3058,,,,,,
3059,,,,,,
3060,,,,,,
3061,,,,,,
3062,,,,,,
3063,,,,,,
3064,,,,,,
3065,,,,,,
3066,,,,,,
3067,,,,,,
3068,,,,,,
3069,,,,,,
3070,,,,,,
3071,,,,,,
3072,,,,,,
3073,,,,,,
3074,,,,,,
3075,,,,,,
3076,,,,,,
3077,,,,,,
3078,,,,,,
3079,,,,,,
3080,,,,,,
3081,,,,,,
3082,,,,,,
3083,,,,,,
3084,,,,,,
3085,,,,,,
3086,,,,,,
3087,,,,,,
3088,,,,,,
3089,,,,,,
3090,,,,,,
3091,,,,,,
3092,,,,,,
3093,,,,,,
3094,,,,,,
3095,,,,,,
3096,,,,,,
3097,,,,,,
3098,,,,,,
3099,,,,,,
3100,,,,,,
3101,,,,,,
3102,,,,,,
3103,,,,,,
3104,,,,,,
3105,,,,,,
3106,,,,,,
3107,,,,,,
3108,,,,,,
3109,,,,,,
3110,,,,,,
3111,,,,,,
3112,,,,,,
3113,,,,,,
3114,,,,,,
3115,,,,,,
3116,,,,,,
3117,,,,,,
3118,,,,,,
3119,,,,,,
3120,,,,,,
3121,,,,,,
3122,,,,,,
3123,,,,,,
3124,,,,,,
3125,,,,,,
3126,,,,,,
3127,,,,,,
3128,,,,,,
3129,,,,,,
3130,,,,,,
3131,,,,,,
3132,,,,,,
3133,,,,,,
3134,,,,,,
3135,,,,,,
3136,,,,,,
3137,,,,,,
3138,,,,,,
3139,,,,,,
3140,,,,,,
3141,,,,,,
3142,,,,,,
3143,,,,,,
3144,,,,,,
3145,,,,,,
3146,,,,,,
3147,,,,,,
3148,,,,,,
3149,,,,,,
3150,,,,,,
3151,,,,,,
3152,,,,,,
3153,,,,,,
3154,,,,,,
3155,,,,,,
3156,,,,,,
3157,,,,,,
3158,,,,,,
3159,,,,,,
3160,,,,,,
3161,,,,,,
3162,,,,,,
3163,,,,,,
3164,,,,,,
3165,,,,,,
3166,,,,,,
3167,,,,,,
3168,,,,,,
3169,,,,,,
3170,,,,,,
3171,,,,,,
3172,,,,,,
3173,,,,,,
3174,,,,,,
3175,,,,,,
3176,,,,,,
3177,,,,,,
3178,,,,,,
3179,,,,,,
3180,,,,,,
3181,,,,,,
3182,,,,,,
3183,,,,,,
3184,,,,,,
3185,,,,,,
3186,,,,,,
3187,,,,,,
3188,,,,,,
3189,,,,,,
3190,,,,,,
3191,,,,,,
3192,,,,,,
3193,,,,,,
3194,,,,,,
3195,,,,,,
3196,,,,,,
3197,,,,,,
3198,,,,,,
3199,,,,,,
3200,,,,,,
3201,,,,,,
3202,,,,,,
3203,,,,,,
3204,,,,,,
3205,,,,,,
3206,,,,,,
3207,,,,,,
3208,,,,,,
3209,,,,,,
3210,,,,,,
3211,,,,,,
3212,,,,,,
3213,,,,,,
3214,,,,,,
3215,,,,,,
3216,,,,,,
3217,,,,,,
3218,,,,,,
3219,,,,,,
3220,,,,,,
3221,,,,,,
3222,,,,,,
3223,,,,,,
3224,,,,,,
3225,,,,,,
3226,,,,,,
3227,,,,,,
3228,,,,,,
3229,,,,,,
3230,,,,,,
3231,,,,,,
3232,,,,,,
3233,,,,,,
3234,,,,,,
3235,,,,,,
3236,,,,,,
3237,,,,,,
3238,,,,,,
3239,,,,,,
3240,,,,,,
3241,,,,,,
3242,,,,,,
3243,,,,,,
3244,,,,,,
3245,,,,,,
3246,,,,,,
3247,,,,,,
3248,,,,,,
3249,,,,,,
3250,,,,,,
3251,,,,,,
3252,,,,,,
3253,,,,,,
3254,,,,,,
3255,,,,,,
3256,,,,,,
3257,,,,,,
3258,,,,,,
3259,,,,,,
3260,,,,,,
3261,,,,,,
3262,,,,,,
3263,,,,,,
3264,,,,,,
3265,,,,,,
3266,,,,,,
3267,,,,,,
3268,,,,,,
3269,,,,,,
3270,,,,,,
3271,,,,,,
3272,,,,,,
3273,,,,,,
3274,,,,,,
3275,,,,,,
3276,,,,,,
3277,,,,,,
3278,,,,,,
3279,,,,,,
3280,,,,,,
3281,,,,,,
3282,,,,,,
3283,,,,,,
3284,,,,,,
3285,,,,,,
3286,,,,,,
3287,,,,,,
3288,,,,,,
3289,,,,,,
3290,,,,,,
3291,,,,,,
3292,,,,,,
3293,,,,,,
3294,,,,,,
3295,,,,,,
3296,,,,,,
3297,,,,,,
3298,,,,,,
3299,,,,,,
3300,,,,,,
3301,,,,,,
3302,,,,,,
3303,,,,,,
3304,,,,,,
3305,,,,,,
3306,,,,,,
3307,,,,,,
3308,,,,,,
3309,,,,,,
3310,,,,,,
3311,,,,,,
3312,,,,,,
3313,,,,,,
3314,,,,,,
3315,,,,,,
3316,,,,,,
3317,,,,,,
3318,,,,,,
3319,,,,,,
3320,,,,,,
3321,,,,,,
3322,,,,,,
3323,,,,,,
3324,,,,,,
3325,,,,,,
3326,,,,,,
3327,,,,,,
3328,,,,,,
3329,,,,,,
3330,,,,,,
3331,,,,,,
3332,,,,,,
3333,,,,,,
3334,,,,,,
3335,,,,,,
3336,,,,,,
3337,,,,,,
3338,,,,,,
3339,,,,,,
3340,,,,,,
3341,,,,,,
3342,,,,,,
3343,,,,,,
3344,,,,,,
3345,,,,,,
3346,,,,,,
3347,,,,,,
3348,,,,,,
3349,,,,,,
3350,,,,,,
3351,,,,,,
3352,,,,,,
3353,,,,,,
3354,,,,,,
3355,,,,,,
3356,,,,,,
3357,,,,,,
3358,,,,,,
3359,,,,,,
3360,,,,,,
3361,,,,,,
3362,,,,,,
3363,,,,,,
3364,,,,,,
3365,,,,,,
3366,,,,,,
3367,,,,,,
3368,,,,,,
3369,,,,,,
3370,,,,,,
3371,,,,,,
3372,,,,,,
3373,,,,,,
3374,,,,,,
3375,,,,,,
3376,,,,,,
3377,,,,,,
3378,,,,,,
3379,,,,,,
3380,,,,,,
3381,,,,,,
3382,,,,,,
3383,,,,,,
3384,,,,,,
3385,,,,,,
3386,,,,,,
3387,,,,,,
3388,,,,,,
3389,,,,,,
3390,,,,,,
3391,,,,,,
3392,,,,,,
3393,,,,,,
3394,,,,,,
3395,,,,,,
3396,,,,,,
3397,,,,,,
3398,,,,,,
3399,,,,,,
3400,,,,,,
3401,,,,,,
3402,,,,,,
3403,,,,,,
3404,,,,,,
3405,,,,,,
3406,,,,,,
3407,,,,,,
3408,,,,,,
3409,,,,,,
3410,,,,,,
3411,,,,,,
3412,,,,,,
3413,,,,,,
3414,,,,,,
3415,,,,,,
3416,,,,,,
3417,,,,,,
3418,,,,,,
3419,,,,,,
3420,,,,,,
3421,,,,,,
3422,,,,,,
3423,,,,,,
3424,,,,,,
3425,,,,,,
3426,,,,,,
3427,,,,,,
3428,,,,,,
3429,,,,,,
3430,,,,,,
3431,,,,,,
3432,,,,,,
3433,,,,,,
3434,,,,,,
3435,,,,,,
3436,,,,,,
3437,,,,,,
3438,,,,,,
3439,,,,,,
3440,,,,,,
3441,,,,,,
3442,,,,,,
3443,,,,,,
3444,,,,,,
3445,,,,,,
3446,,,,,,
3447,,,,,,
3448,,,,,,
3449,,,,,,
3450,,,,,,
3451,,,,,,
3452,,,,,,
3453,,,,,,
3454,,,,,,
3455,,,,,,
3456,,,,,,
3457,,,,,,
3458,,,,,,
3459,,,,,,
3460,,,,,,
3461,,,,,,
3462,,,,,,
3463,,,,,,
3464,,,,,,
3465,,,,,,
3466,,,,,,
3467,,,,,,
3468,,,,,,
3469,,,,,,
3470,,,,,,
3471,,,,,,
3472,,,,,,
3473,,,,,,
3474,,,,,,
3475,,,,,,
3476,,,,,,
3477,,,,,,
3478,,,,,,
3479,,,,,,
3480,,,,,,
3481,,,,,,
3482,,,,,,
3483,,,,,,
3484,,,,,,
3485,,,,,,
3486,,,,,,
3487,,,,,,
3488,,,,,,
3489,,,,,,
3490,,,,,,
3491,,,,,,
3492,,,,,,
3493,,,,,,
3494,,,,,,
3495,,,,,,
3496,,,,,,
3497,,,,,,
3498,,,,,,
3499,,,,,,
3500,,,,,,
3501,,,,,,
3502,,,,,,
3503,,,,,,
3504,,,,,,
3505,,,,,,
3506,,,,,,
3507,,,,,,
3508,,,,,,
3509,,,,,,
3510,,,,,,
3511,,,,,,
3512,,,,,,
3513,,,,,,
3514,,,,,,
3515,,,,,,
3516,,,,,,
3517,,,,,,
3518,,,,,,
3519,,,,,,
3520,,,,,,
3521,,,,,,
3522,,,,,,
3523,,,,,,
3524,,,,,,
3525,,,,,,
3526,,,,,,
3527,,,,,,
3528,,,,,,
3529,,,,,,
3530,,,,,,
3531,,,,,,
3532,,,,,,
3533,,,,,,
3534,,,,,,
3535,,,,,,
3536,,,,,,
3537,,,,,,
3538,,,,,,
3539,,,,,,
3540,,,,,,
3541,,,,,,
3542,,,,,,
3543,,,,,,
3544,,,,,,
3545,,,,,,
3546,,,,,,
3547,,,,,,
3548,,,,,,
3549,,,,,,
3550,,,,,,
3551,,,,,,
3552,,,,,,
3553,,,,,,
3554,,,,,,
3555,,,,,,
3556,,,,,,
3557,,,,,,
3558,,,,,,
3559,,,,,,
3560,,,,,,
3561,,,,,,
3562,,,,,,
3563,,,,,,
3564,,,,,,
3565,,,,,,
3566,,,,,,
3567,,,,,,
3568,,,,,,
3569,,,,,,
3570,,,,,,
3571,,,,,,
3572,,,,,,
3573,,,,,,
3574,,,,,,
3575,,,,,,
3576,,,,,,
3577,,,,,,
3578,,,,,,
3579,,,,,,
3580,,,,,,
3581,,,,,,
3582,,,,,,
3583,,,,,,
3584,,,,,,
3585,,,,,,
3586,,,,,,
3587,,,,,,
3588,,,,,,
3589,,,,,,
3590,,,,,,
3591,,,,,,
3592,,,,,,
3593,,,,,,
3594,,,,,,
3595,,,,,,
3596,,,,,,
3597,,,,,,
3598,,,,,,
3599,,,,,,
3600,,,,,,
3601,,,,,,
3602,,,,,,
3603,,,,,,
3604,,,,,,
3605,,,,,,
3606,,,,,,
3607,,,,,,
3608,,,,,,
3609,,,,,,
3610,,,,,,
3611,,,,,,
3612,,,,,,
3613,,,,,,
3614,,,,,,
3615,,,,,,
3616,,,,,,
3617,,,,,,
3618,,,,,,
3619,,,,,,
3620,,,,,,
3621,,,,,,
3622,,,,,,
3623,,,,,,
3624,,,,,,
3625,,,,,,
3626,,,,,,
3627,,,,,,
3628,,,,,,
3629,,,,,,
3630,,,,,,
3631,,,,,,
3632,,,,,,
3633,,,,,,
3634,,,,,,
3635,,,,,,
3636,,,,,,
3637,,,,,,
3638,,,,,,
3639,,,,,,
3640,,,,,,
3641,,,,,,
3642,,,,,,
3643,,,,,,
3644,,,,,,
3645,,,,,,
3646,,,,,,
3647,,,,,,
3648,,,,,,
3649,,,,,,
3650,,,,,,
3651,,,,,,
3652,,,,,,
3653,,,,,,
3654,,,,,,
3655,,,,,,
3656,,,,,,
3657,,,,,,
3658,,,,,,
3659,,,,,,
3660,,,,,,
3661,,,,,,
3662,,,,,,
3663,,,,,,
3664,,,,,,
3665,,,,,,
3666,,,,,,
3667,,,,,,
3668,,,,,,
3669,,,,,,
3670,,,,,,
3671,,,,,,
3672,,,,,,
3673,,,,,,
3674,,,,,,
3675,,,,,,
3676,,,,,,
3677,,,,,,
3678,,,,,,
3679,,,,,,
3680,,,,,,
3681,,,,,,
3682,,,,,,
3683,,,,,,
3684,,,,,,
3685,,,,,,
3686,,,,,,
3687,,,,,,
3688,,,,,,
3689,,,,,,
3690,,,,,,
3691,,,,,,
3692,,,,,,
3693,,,,,,
3694,,,,,,
3695,,,,,,
3696,,,,,,
3697,,,,,,
3698,,,,,,
3699,,,,,,
3700,,,,,,
3701,,,,,,
3702,,,,,,
3703,,,,,,
3704,,,,,,
3705,,,,,,
3706,,,,,,
3707,,,,,,
3708,,,,,,
3709,,,,,,
3710,,,,,,
3711,,,,,,
3712,,,,,,
3713,,,,,,
3714,,,,,,
3715,,,,,,
3716,,,,,,
3717,,,,,,
3718,,,,,,
3719,,,,,,
3720,,,,,,
3721,,,,,,
3722,,,,,,
3723,,,,,,
3724,,,,,,
3725,,,,,,
3726,,,,,,
3727,,,,,,
3728,,,,,,
3729,,,,,,
3730,,,,,,
3731,,,,,,
3732,,,,,,
3733,,,,,,
3734,,,,,,
3735,,,,,,
3736,,,,,,
3737,,,,,,
3738,,,,,,
3739,,,,,,
3740,,,,,,
3741,,,,,,
3742,,,,,,
3743,,,,,,
3744,,,,,,
3745,,,,,,
3746,,,,,,
3747,,,,,,
3748,,,,,,
3749,,,,,,
3750,,,,,,
3751,,,,,,
3752,,,,,,
3753,,,,,,
3754,,,,,,
3755,,,,,,
3756,,,,,,
3757,,,,,,
3758,,,,,,
3759,,,,,,
3760,,,,,,
3761,,,,,,
3762,,,,,,
3763,,,,,,
3764,,,,,,
3765,,,,,,
3766,,,,,,
3767,,,,,,
3768,,,,,,
3769,,,,,,
3770,,,,,,
3771,,,,,,
3772,,,,,,
3773,,,,,,
3774,,,,,,
3775,,,,,,
3776,,,,,,
3777,,,,,,
3778,,,,,,
3779,,,,,,
3780,,,,,,
3781,,,,,,
3782,,,,,,
3783,,,,,,
3784,,,,,,
3785,,,,,,
3786,,,,,,
3787,,,,,,
3788,,,,,,
3789,,,,,,
3790,,,,,,
3791,,,,,,
3792,,,,,,
3793,,,,,,
3794,,,,,,
3795,,,,,,
3796,,,,,,
3797,,,,,,
3798,,,,,,
3799,,,,,,
3800,,,,,,
3801,,,,,,
3802,,,,,,
3803,,,,,,
3804,,,,,,
3805,,,,,,
3806,,,,,,
3807,,,,,,
3808,,,,,,
3809,,,,,,
3810,,,,,,
3811,,,,,,
3812,,,,,,
3813,,,,,,
3814,,,,,,
3815,,,,,,
3816,,,,,,
3817,,,,,,
3818,,,,,,
3819,,,,,,
3820,,,,,,
3821,,,,,,
3822,,,,,,
3823,,,,,,
3824,,,,,,
3825,,,,,,
3826,,,,,,
3827,,,,,,
3828,,,,,,
3829,,,,,,
3830,,,,,,
3831,,,,,,
3832,,,,,,
3833,,,,,,
3834,,,,,,
3835,,,,,,
3836,,,,,,
3837,,,,,,
3838,,,,,,
3839,,,,,,
3840,,,,,,
3841,,,,,,
3842,,,,,,
3843,,,,,,
3844,,,,,,
3845,,,,,,
3846,,,,,,
3847,,,,,,
3848,,,,,,
3849,,,,,,
3850,,,,,,
3851,,,,,,
3852,,,,,,
3853,,,,,,
3854,,,,,,
3855,,,,,,
3856,,,,,,
3857,,,,,,
3858,,,,,,
3859,,,,,,
3860,,,,,,
3861,,,,,,
3862,,,,,,
3863,,,,,,
3864,,,,,,
3865,,,,,,
3866,,,,,,
3867,,,,,,
3868,,,,,,
3869,,,,,,
3870,,,,,,
3871,,,,,,
3872,,,,,,
3873,,,,,,
3874,,,,,,
3875,,,,,,
3876,,,,,,
3877,,,,,,
3878,,,,,,
3879,,,,,,
3880,,,,,,
3881,,,,,,
3882,,,,,,
3883,,,,,,
3884,,,,,,
3885,,,,,,
3886,,,,,,
3887,,,,,,
3888,,,,,,
3889,,,,,,
3890,,,,,,
3891,,,,,,
3892,,,,,,
3893,,,,,,
3894,,,,,,
3895,,,,,,
3896,,,,,,
3897,,,,,,
3898,,,,,,
3899,,,,,,
3900,,,,,,
3901,,,,,,
3902,,,,,,
3903,,,,,,
3904,,,,,,
3905,,,,,,
3906,,,,,,
3907,,,,,,
3908,,,,,,
3909,,,,,,
3910,,,,,,
3911,,,,,,
3912,,,,,,
3913,,,,,,
3914,,,,,,
3915,,,,,,
3916,,,,,,
3917,,,,,,
3918,,,,,,
3919,,,,,,
3920,,,,,,
3921,,,,,,
3922,,,,,,
3923,,,,,,
3924,,,,,,
3925,,,,,,
3926,,,,,,
3927,,,,,,
3928,,,,,,
3929,,,,,,
3930,,,,,,
3931,,,,,,
3932,,,,,,
3933,,,,,,
3934,,,,,,
3935,,,,,,
3936,,,,,,
3937,,,,,,
3938,,,,,,
3939,,,,,,
3940,,,,,,
3941,,,,,,
3942,,,,,,
3943,,,,,,
3944,,,,,,
3945,,,,,,
3946,,,,,,
3947,,,,,,
3948,,,,,,
3949,,,,,,
3950,,,,,,
3951,,,,,,
3952,,,,,,
3953,,,,,,
3954,,,,,,
3955,,,,,,
3956,,,,,,
3957,,,,,,
3958,,,,,,
3959,,,,,,
3960,,,,,,
3961,,,,,,
3962,,,,,,
3963,,,,,,
3964,,,,,,
3965,,,,,,
3966,,,,,,
3967,,,,,,
3968,,,,,,
3969,,,,,,
3970,,,,,,
3971,,,,,,
3972,,,,,,
3973,,,,,,
3974,,,,,,
3975,,,,,,
3976,,,,,,
3977,,,,,,
3978,,,,,,
3979,,,,,,
3980,,,,,,
3981,,,,,,
3982,,,,,,
3983,,,,,,
3984,,,,,,
3985,,,,,,
3986,,,,,,
3987,,,,,,
3988,,,,,,
3989,,,,,,
3990,,,,,,
3991,,,,,,
3992,,,,,,
3993,,,,,,
3994,,,,,,
3995,,,,,,
3996,,,,,,
3997,,,,,,
3998,,,,,,
3999,,,,,,
4000,,,,,,
4001,,,,,,
4002,,,,,,
4003,,,,,,
4004,,,,,,
4005,,,,,,
4006,,,,,,
4007,,,,,,
4008,,,,,,
4009,,,,,,
4010,,,,,,
4011,,,,,,
4012,,,,,,
4013,,,,,,
4014,,,,,,
4015,,,,,,
4016,,,,,,
4017,,,,,,
4018,,,,,,
4019,,,,,,
4020,,,,,,
4021,,,,,,
4022,,,,,,
4023,,,,,,
4024,,,,,,
4025,,,,,,
4026,,,,,,
4027,,,,,,
4028,,,,,,
4029,,,,,,
4030,,,,,,
4031,,,,,,
4032,,,,,,
4033,,,,,,
4034,,,,,,
4035,,,,,,
4036,,,,,,
4037,,,,,,
4038,,,,,,
4039,,,,,,
4040,,,,,,
4041,,,,,,
4042,,,,,,
4043,,,,,,
4044,,,,,,
4045,,,,,,
4046,,,,,,
4047,,,,,,
4048,,,,,,
4049,,,,,,
4050,,,,,,
4051,,,,,,
4052,,,,,,
4053,,,,,,
4054,,,,,,
4055,,,,,,
4056,,,,,,
4057,,,,,,
4058,,,,,,
4059,,,,,,
4060,,,,,,
4061,,,,,,
4062,,,,,,
4063,,,,,,
4064,,,,,,
4065,,,,,,
4066,,,,,,
4067,,,,,,
4068,,,,,,
4069,,,,,,
4070,,,,,,
4071,,,,,,
4072,,,,,,
4073,,,,,,
4074,,,,,,
4075,,,,,,
4076,,,,,,
4077,,,,,,
4078,,,,,,
4079,,,,,,
4080,,,,,,
4081,,,,,,
4082,,,,,,
4083,,,,,,
4084,,,,,,
4085,,,,,,
4086,,,,,,
4087,,,,,,
4088,,,,,,
4089,,,,,,
4090,,,,,,
4091,,,,,,
4092,,,,,,
4093,,,,,,
4094,,,,,,
4095,,,,,,
4096,,,,,,
4097,,,,,,
4098,,,,,,
4099,,,,,,
4100,,,,,,
4101,,,,,,
4102,,,,,,
4103,,,,,,
4104,,,,,,
4105,,,,,,
4106,,,,,,
4107,,,,,,
4108,,,,,,
4109,,,,,,
4110,,,,,,
4111,,,,,,
4112,,,,,,
4113,,,,,,
4114,,,,,,
4115,,,,,,
4116,,,,,,
4117,,,,,,
4118,,,,,,
4119,,,,,,
4120,,,,,,
4121,,,,,,
4122,,,,,,
4123,,,,,,
4124,,,,,,
4125,,,,,,
4126,,,,,,
4127,,,,,,
4128,,,,,,
4129,,,,,,
4130,,,,,,
4131,,,,,,
4132,,,,,,
4133,,,,,,
4134,,,,,,
4135,,,,,,
4136,,,,,,
4137,,,,,,
4138,,,,,,
4139,,,,,,
4140,,,,,,
4141,,,,,,
4142,,,,,,
4143,,,,,,
4144,,,,,,
4145,,,,,,
4146,,,,,,
4147,,,,,,
4148,,,,,,
4149,,,,,,
4150,,,,,,
4151,,,,,,
4152,,,,,,
4153,,,,,,
4154,,,,,,
4155,,,,,,
4156,,,,,,
4157,,,,,,
4158,,,,,,
4159,,,,,,
4160,,,,,,
4161,,,,,,
4162,,,,,,
4163,,,,,,
4164,,,,,,
4165,,,,,,
4166,,,,,,
4167,,,,,,
4168,,,,,,
4169,,,,,,
4170,,,,,,
4171,,,,,,
4172,,,,,,
4173,,,,,,
4174,,,,,,
4175,,,,,,
4176,,,,,,
4177,,,,,,
4178,,,,,,
4179,,,,,,
4180,,,,,,
4181,,,,,,
4182,,,,,,
4183,,,,,,
4184,,,,,,
4185,,,,,,
4186,,,,,,
4187,,,,,,
4188,,,,,,
4189,,,,,,
4190,,,,,,
4191,,,,,,
4192,,,,,,
4193,,,,,,
4194,,,,,,
4195,,,,,,
4196,,,,,,
4197,,,,,,
4198,,,,,,
4199,,,,,,
4200,,,,,,
4201,,,,,,
4202,,,,,,
4203,,,,,,
4204,,,,,,
4205,,,,,,
4206,,,,,,
4207,,,,,,
4208,,,,,,
4209,,,,,,
4210,,,,,,
4211,,,,,,
4212,,,,,,
4213,,,,,,
4214,,,,,,
4215,,,,,,
4216,,,,,,
4217,,,,,,
4218,,,,,,
4219,,,,,,
4220,,,,,,
4221,,,,,,
4222,,,,,,
4223,,,,,,
4224,,,,,,
4225,,,,,,
4226,,,,,,
4227,,,,,,
4228,,,,,,
4229,,,,,,
4230,,,,,,
4231,,,,,,
4232,,,,,,
4233,,,,,,
4234,,,,,,
4235,,,,,,
4236,,,,,,
4237,,,,,,
4238,,,,,,
4239,,,,,,
4240,,,,,,
4241,,,,,,
4242,,,,,,
4243,,,,,,
4244,,,,,,
4245,,,,,,
4246,,,,,,
4247,,,,,,
4248,,,,,,
4249,,,,,,
4250,,,,,,
4251,,,,,,
4252,,,,,,
4253,,,,,,
4254,,,,,,
4255,,,,,,
4256,,,,,,
4257,,,,,,
4258,,,,,,
4259,,,,,,
4260,,,,,,
4261,,,,,,
4262,,,,,,
4263,,,,,,
4264,,,,,,
4265,,,,,,
4266,,,,,,
4267,,,,,,
4268,,,,,,
4269,,,,,,
4270,,,,,,
4271,,,,,,
4272,,,,,,
4273,,,,,,
4274,,,,,,
4275,,,,,,
4276,,,,,,
4277,,,,,,
4278,,,,,,
4279,,,,,,
4280,,,,,,
4281,,,,,,
4282,,,,,,
4283,,,,,,
4284,,,,,,
4285,,,,,,
4286,,,,,,
4287,,,,,,
4288,,,,,,
4289,,,,,,
4290,,,,,,
4291,,,,,,
4292,,,,,,
4293,,,,,,
4294,,,,,,
4295,,,,,,
4296,,,,,,
4297,,,,,,
4298,,,,,,
4299,,,,,,
4300,,,,,,
4301,,,,,,
4302,,,,,,
4303,,,,,,
4304,,,,,,
4305,,,,,,
4306,,,,,,
4307,,,,,,
4308,,,,,,
4309,,,,,,
4310,,,,,,
4311,,,,,,
4312,,,,,,
4313,,,,,,
4314,,,,,,
4315,,,,,,
4316,,,,,,
4317,,,,,,
4318,,,,,,
4319,,,,,,
4320,,,,,,
4321,,,,,,
4322,,,,,,
4323,,,,,,
4324,,,,,,
4325,,,,,,
4326,,,,,,
4327,,,,,,
4328,,,,,,
4329,,,,,,
4330,,,,,,
4331,,,,,,
4332,,,,,,
4333,,,,,,
4334,,,,,,
4335,,,,,,
4336,,,,,,
4337,,,,,,
4338,,,,,,
4339,,,,,,
4340,,,,,,
4341,,,,,,
4342,,,,,,
4343,,,,,,
4344,,,,,,
4345,,,,,,
4346,,,,,,
4347,,,,,,
4348,,,,,,
4349,,,,,,
4350,,,,,,
4351,,,,,,
4352,,,,,,
4353,,,,,,
4354,,,,,,
4355,,,,,,
4356,,,,,,
4357,,,,,,
4358,,,,,,
4359,,,,,,
4360,,,,,,
4361,,,,,,
4362,,,,,,
4363,,,,,,
4364,,,,,,
4365,,,,,,
4366,,,,,,
4367,,,,,,
4368,,,,,,
4369,,,,,,
4370,,,,,,
4371,,,,,,
4372,,,,,,
4373,,,,,,
4374,,,,,,
4375,,,,,,
4376,,,,,,
4377,,,,,,
4378,,,,,,
4379,,,,,,
4380,,,,,,
4381,,,,,,
4382,,,,,,
4383,,,,,,
4384,,,,,,
4385,,,,,,
4386,,,,,,
4387,,,,,,
4388,,,,,,
4389,,,,,,
4390,,,,,,
4391,,,,,,
4392,,,,,,
4393,,,,,,
4394,,,,,,
4395,,,,,,
4396,,,,,,
4397,,,,,,
4398,,,,,,
4399,,,,,,
4400,,,,,,
4401,,,,,,
4402,,,,,,
4403,,,,,,
4404,,,,,,
4405,,,,,,
4406,,,,,,
4407,,,,,,
4408,,,,,,
4409,,,,,,
4410,,,,,,
4411,,,,,,
4412,,,,,,
4413,,,,,,
4414,,,,,,
4415,,,,,,
4416,,,,,,
4417,,,,,,
4418,,,,,,
4419,,,,,,
4420,,,,,,
4421,,,,,,
4422,,,,,,
4423,,,,,,
4424,,,,,,
4425,,,,,,
4426,,,,,,
4427,,,,,,
4428,,,,,,
4429,,,,,,
4430,,,,,,
4431,,,,,,
4432,,,,,,
4433,,,,,,
4434,,,,,,
4435,,,,,,
4436,,,,,,
4437,,,,,,
4438,,,,,,
4439,,,,,,
4440,,,,,,
4441,,,,,,
4442,,,,,,
4443,,,,,,
4444,,,,,,
4445,,,,,,
4446,,,,,,
4447,,,,,,
4448,,,,,,
4449,,,,,,
4450,,,,,,
4451,,,,,,
4452,,,,,,
4453,,,,,,
4454,,,,,,
4455,,,,,,
4456,,,,,,
4457,,,,,,
4458,,,,,,
4459,,,,,,
4460,,,,,,
4461,,,,,,
4462,,,,,,
4463,,,,,,
4464,,,,,,
4465,,,,,,
4466,,,,,,
4467,,,,,,
4468,,,,,,
4469,,,,,,
4470,,,,,,
4471,,,,,,
4472,,,,,,
4473,,,,,,
4474,,,,,,
4475,,,,,,
4476,,,,,,
4477,,,,,,
4478,,,,,,
4479,,,,,,
4480,,,,,,
4481,,,,,,
4482,,,,,,
4483,,,,,,
4484,,,,,,
4485,,,,,,
4486,,,,,,
4487,,,,,,
4488,,,,,,
4489,,,,,,
4490,,,,,,
4491,,,,,,
4492,,,,,,
4493,,,,,,
4494,,,,,,
4495,,,,,,
4496,,,,,,
4497,,,,,,
4498,,,,,,
4499,,,,,,
4500,,,,,,
4501,,,,,,
4502,,,,,,
4503,,,,,,
4504,,,,,,
4505,,,,,,
4506,,,,,,
4507,,,,,,
4508,,,,,,
4509,,,,,,
4510,,,,,,
4511,,,,,,
4512,,,,,,
4513,,,,,,
4514,,,,,,
4515,,,,,,
4516,,,,,,
4517,,,,,,
4518,,,,,,
4519,,,,,,
4520,,,,,,
4521,,,,,,
4522,,,,,,
4523,,,,,,
4524,,,,,,
4525,,,,,,
4526,,,,,,
4527,,,,,,
4528,,,,,,
4529,,,,,,
4530,,,,,,
4531,,,,,,
4532,,,,,,
4533,,,,,,
4534,,,,,,
4535,,,,,,
4536,,,,,,
4537,,,,,,
4538,,,,,,
4539,,,,,,
4540,,,,,,
4541,,,,,,
4542,,,,,,
4543,,,,,,
4544,,,,,,
4545,,,,,,
4546,,,,,,
4547,,,,,,
4548,,,,,,
4549,,,,,,
4550,,,,,,
4551,,,,,,
4552,,,,,,
4553,,,,,,
4554,,,,,,
4555,,,,,,
4556,,,,,,
4557,,,,,,
4558,,,,,,
4559,,,,,,
4560,,,,,,
4561,,,,,,
4562,,,,,,
4563,,,,,,
4564,,,,,,
4565,,,,,,
4566,,,,,,
4567,,,,,,
4568,,,,,,
4569,,,,,,
4570,,,,,,
4571,,,,,,
4572,,,,,,
4573,,,,,,
4574,,,,,,
4575,,,,,,
4576,,,,,,
4577,,,,,,
4578,,,,,,
4579,,,,,,
4580,,,,,,
4581,,,,,,
4582,,,,,,
4583,,,,,,
4584,,,,,,
4585,,,,,,
4586,,,,,,
4587,,,,,,
4588,,,,,,
4589,,,,,,
4590,,,,,,
4591,,,,,,
4592,,,,,,
4593,,,,,,
4594,,,,,,
4595,,,,,,
4596,,,,,,
4597,,,,,,
4598,,,,,,
4599,,,,,,
4600,,,,,,
4601,,,,,,
4602,,,,,,
4603,,,,,,
4604,,,,,,
4605,,,,,,
4606,,,,,,
4607,,,,,,
4608,,,,,,
4609,,,,,,
4610,,,,,,
4611,,,,,,
4612,,,,,,
4613,,,,,,
4614,,,,,,
4615,,,,,,
4616,,,,,,
4617,,,,,,
4618,,,,,,
4619,,,,,,
4620,,,,,,
4621,,,,,,
4622,,,,,,
4623,,,,,,
4624,,,,,,
4625,,,,,,
4626,,,,,,
4627,,,,,,
4628,,,,,,
4629,,,,,,
4630,,,,,,
4631,,,,,,
4632,,,,,,
4633,,,,,,
4634,,,,,,
4635,,,,,,
4636,,,,,,
4637,,,,,,
4638,,,,,,
4639,,,,,,
4640,,,,,,
4641,,,,,,
4642,,,,,,
4643,,,,,,
4644,,,,,,
4645,,,,,,
4646,,,,,,
4647,,,,,,
4648,,,,,,
4649,,,,,,
4650,,,,,,
4651,,,,,,
4652,,,,,,
4653,,,,,,
4654,,,,,,
4655,,,,,,
4656,,,,,,
4657,,,,,,
4658,,,,,,
4659,,,,,,
4660,,,,,,
4661,,,,,,
4662,,,,,,
4663,,,,,,
4664,,,,,,
4665,,,,,,
4666,,,,,,
4667,,,,,,
4668,,,,,,
4669,,,,,,
4670,,,,,,
4671,,,,,,
4672,,,,,,
4673,,,,,,
4674,,,,,,
4675,,,,,,
4676,,,,,,
4677,,,,,,
4678,,,,,,
4679,,,,,,
4680,,,,,,
4681,,,,,,
4682,,,,,,
4683,,,,,,
4684,,,,,,
4685,,,,,,
4686,,,,,,
4687,,,,,,
4688,,,,,,
4689,,,,,,
4690,,,,,,
4691,,,,,,
4692,,,,,,
4693,,,,,,
4694,,,,,,
4695,,,,,,
4696,,,,,,
4697,,,,,,
4698,,,,,,
4699,,,,,,
4700,,,,,,
4701,,,,,,
4702,,,,,,
4703,,,,,,
4704,,,,,,
4705,,,,,,
4706,,,,,,
4707,,,,,,
4708,,,,,,
4709,,,,,,
4710,,,,,,
4711,,,,,,
4712,,,,,,
4713,,,,,,
4714,,,,,,
4715,,,,,,
4716,,,,,,
4717,,,,,,
4718,,,,,,
4719,,,,,,
4720,,,,,,
4721,,,,,,
4722,,,,,,
4723,,,,,,
4724,,,,,,
4725,,,,,,
4726,,,,,,
4727,,,,,,
4728,,,,,,
4729,,,,,,
4730,,,,,,
4731,,,,,,
4732,,,,,,
4733,,,,,,
4734,,,,,,
4735,,,,,,
4736,,,,,,
4737,,,,,,
4738,,,,,,
4739,,,,,,
4740,,,,,,
4741,,,,,,
4742,,,,,,
4743,,,,,,
4744,,,,,,
4745,,,,,,
4746,,,,,,
4747,,,,,,
4748,,,,,,
4749,,,,,,
4750,,,,,,
4751,,,,,,
4752,,,,,,
4753,,,,,,
4754,,,,,,
4755,,,,,,
4756,,,,,,
4757,,,,,,
4758,,,,,,
4759,,,,,,
4760,,,,,,
4761,,,,,,
4762,,,,,,
4763,,,,,,
4764,,,,,,
4765,,,,,,
4766,,,,,,
4767,,,,,,
4768,,,,,,
4769,,,,,,
4770,,,,,,
4771,,,,,,
4772,,,,,,
4773,,,,,,
4774,,,,,,
4775,,,,,,
4776,,,,,,
4777,,,,,,
4778,,,,,,
4779,,,,,,
4780,,,,,,
4781,,,,,,
4782,,,,,,
4783,,,,,,
4784,,,,,,
4785,,,,,,
4786,,,,,,
4787,,,,,,
4788,,,,,,
4789,,,,,,
4790,,,,,,
4791,,,,,,
